symbol,period,experiment,cost,samples,win_rate,mean_return,median_return,profit_factor,best_trade,worst_trade,profit_factor_clean
BTCUSDT,2026-02,BASE_SHORT,0.0,81,0.4691358024691358,-1.2977629275833523e-05,-0.0005858185776754787,0.9962568334782015,0.03601026290939813,-0.06349107574840662,0.9962568334782015
BTCUSDT,2026-02,BASE_SHORT,0.0002,81,0.4691358024691358,-0.00021297762927583317,-0.0007858185776754787,0.9403956905660177,0.03581026290939813,-0.06369107574840663,0.9403956905660177
BTCUSDT,2026-02,BASE_SHORT,0.0004,81,0.4567901234567901,-0.0004129776292758328,-0.0009858185776754787,0.8877773955305955,0.03561026290939813,-0.06389107574840662,0.8877773955305955
BTCUSDT,2026-02,BASE_SHORT,0.0006,81,0.4444444444444444,-0.0006129776292758342,-0.0011858185776754786,0.8382721256853802,0.035410262909398124,-0.06409107574840663,0.8382721256853802
BTCUSDT,2026-02,BASE_SHORT,0.0008,81,0.4074074074074074,-0.0008129776292758338,-0.0013858185776754787,0.7917607221364752,0.035210262909398125,-0.06429107574840662,0.7917607221364752
BTCUSDT,2026-02,BASE_SHORT,0.001,81,0.38271604938271603,-0.0010129776292758343,-0.0015858185776754788,0.748300546579761,0.03501026290939813,-0.06449107574840662,0.748300546579761
BTCUSDT,2026-02,ATR_CONTRACTING,0.0,25,0.52,0.0014419354722156675,0.00034965769562056437,1.661046200667376,0.023412828850827072,-0.011784871593201629,1.661046200667376
BTCUSDT,2026-02,ATR_CONTRACTING,0.0002,25,0.52,0.0012419354722156678,0.00014965769562056436,1.5453560231584869,0.023212828850827073,-0.01198487159320163,1.5453560231584869
BTCUSDT,2026-02,ATR_CONTRACTING,0.0004,25,0.48,0.0010419354722156673,-5.034230437943565e-05,1.4386530215377857,0.02301282885082707,-0.012184871593201628,1.4386530215377857
BTCUSDT,2026-02,ATR_CONTRACTING,0.0006,25,0.44,0.0008419354722156675,-0.0002503423043794356,1.3388980885507873,0.022812828850827072,-0.012384871593201629,1.3388980885507873
BTCUSDT,2026-02,ATR_CONTRACTING,0.0008,25,0.44,0.0006419354722156677,-0.00045034230437943567,1.2472470372881412,0.022612828850827073,-0.01258487159320163,1.2472470372881412
BTCUSDT,2026-02,ATR_CONTRACTING,0.001,25,0.4,0.000441935472215667,-0.0006503423043794357,1.1630964766728424,0.02241282885082707,-0.01278487159320163,1.1630964766728424
BTCUSDT,2026-02,ATR_EXPANDING,0.0,69,0.43478260869565216,-0.0006476121048601313,-0.0008712523710692199,0.8253144663336692,0.03601026290939813,-0.06349107574840662,0.8253144663336692
BTCUSDT,2026-02,ATR_EXPANDING,0.0002,69,0.42028985507246375,-0.0008476121048601322,-0.00107125237106922,0.7781526234653516,0.03581026290939813,-0.06369107574840663,0.7781526234653516
BTCUSDT,2026-02,ATR_EXPANDING,0.0004,69,0.42028985507246375,-0.0010476121048601308,-0.00127125237106922,0.7338817456422386,0.03561026290939813,-0.06389107574840662,0.7338817456422386
BTCUSDT,2026-02,ATR_EXPANDING,0.0006,69,0.42028985507246375,-0.0012476121048601316,-0.0014712523710692198,0.6921439954620721,0.035410262909398124,-0.06409107574840663,0.6921439954620721
BTCUSDT,2026-02,ATR_EXPANDING,0.0008,69,0.36231884057971014,-0.001447612104860131,-0.0016712523710692199,0.653188070255321,0.035210262909398125,-0.06429107574840662,0.653188070255321
BTCUSDT,2026-02,ATR_EXPANDING,0.001,69,0.34782608695652173,-0.0016476121048601322,-0.00187125237106922,0.6171401698471962,0.03501026290939813,-0.06449107574840662,0.6171401698471962
BTCUSDT,2026-03,BASE_SHORT,0.0,93,0.3655913978494624,-0.0006715363506299415,-0.001212765957446793,0.7163226411335561,0.012295970302001136,-0.016917540087856064,0.7163226411335561
BTCUSDT,2026-03,BASE_SHORT,0.0002,93,0.3333333333333333,-0.0008715363506299419,-0.0014127659574467931,0.6510586474578812,0.012095970302001135,-0.017117540087856063,0.6510586474578812
BTCUSDT,2026-03,BASE_SHORT,0.0004,93,0.3225806451612903,-0.0010715363506299414,-0.001612765957446793,0.5927874609220525,0.011895970302001136,-0.017317540087856065,0.5927874609220525
BTCUSDT,2026-03,BASE_SHORT,0.0006,93,0.3225806451612903,-0.0012715363506299415,-0.0018127659574467929,0.5404435152084841,0.011695970302001136,-0.017517540087856064,0.5404435152084841
BTCUSDT,2026-03,BASE_SHORT,0.0008,93,0.3225806451612903,-0.0014715363506299414,-0.002012765957446793,0.49298646003870694,0.011495970302001135,-0.017717540087856063,0.49298646003870694
BTCUSDT,2026-03,BASE_SHORT,0.001,93,0.3118279569892473,-0.0016715363506299421,-0.002212765957446793,0.4500179480934013,0.011295970302001135,-0.017917540087856065,0.4500179480934013
BTCUSDT,2026-03,ATR_CONTRACTING,0.0,23,0.391304347826087,0.000579512580160395,-0.001300283286118975,1.3243567473271385,0.010217555605104733,-0.009179147594727266,1.3243567473271385
BTCUSDT,2026-03,ATR_CONTRACTING,0.0002,23,0.391304347826087,0.0003795125801603951,-0.0015002832861189751,1.1988652145137586,0.010017555605104733,-0.009379147594727267,1.1988652145137586
BTCUSDT,2026-03,ATR_CONTRACTING,0.0004,23,0.391304347826087,0.00017951258016039485,-0.001700283286118975,1.088424175319585,0.009817555605104734,-0.009579147594727265,1.088424175319585
BTCUSDT,2026-03,ATR_CONTRACTING,0.0006,23,0.391304347826087,-2.048741983960485e-05,-0.0019002832861189749,0.9904792449652237,0.009617555605104734,-0.009779147594727266,0.9904792449652237
BTCUSDT,2026-03,ATR_CONTRACTING,0.0008,23,0.391304347826087,-0.0002204874198396054,-0.002100283286118975,0.9030231312783741,0.009417555605104733,-0.009979147594727266,0.9030231312783741
BTCUSDT,2026-03,ATR_CONTRACTING,0.001,23,0.391304347826087,-0.0004204874198396053,-0.002300283286118975,0.8244566098166174,0.009217555605104732,-0.010179147594727267,0.8244566098166174
BTCUSDT,2026-03,ATR_EXPANDING,0.0,82,0.36585365853658536,-0.0008056923185753979,-0.001039417397319664,0.6509847287818813,0.012295970302001136,-0.016917540087856064,0.6509847287818813
BTCUSDT,2026-03,ATR_EXPANDING,0.0002,82,0.32926829268292684,-0.001005692318575398,-0.0012394173973196642,0.5877123457521698,0.012095970302001135,-0.017117540087856063,0.5877123457521698
BTCUSDT,2026-03,ATR_EXPANDING,0.0004,82,0.3170731707317073,-0.0012056923185753982,-0.001439417397319664,0.5315697405297618,0.011895970302001136,-0.017317540087856065,0.5315697405297618
BTCUSDT,2026-03,ATR_EXPANDING,0.0006,82,0.3170731707317073,-0.0014056923185753979,-0.001639417397319664,0.4813870985939191,0.011695970302001136,-0.017517540087856064,0.4813870985939191
BTCUSDT,2026-03,ATR_EXPANDING,0.0008,82,0.3170731707317073,-0.0016056923185753978,-0.001839417397319664,0.4360193817731024,0.011495970302001135,-0.017717540087856063,0.4360193817731024
BTCUSDT,2026-03,ATR_EXPANDING,0.001,82,0.3048780487804878,-0.0018056923185753985,-0.002039417397319664,0.39512982019460996,0.011295970302001135,-0.017917540087856065,0.39512982019460996
BTCUSDT,2026-04,BASE_SHORT,0.0,69,0.43478260869565216,-0.00010089733697306857,-0.0004126960306144456,0.9282269009374569,0.01019403957771714,-0.01034762535264333,0.9282269009374569
BTCUSDT,2026-04,BASE_SHORT,0.0002,69,0.391304347826087,-0.00030089733697306854,-0.0006126960306144456,0.8024310456643329,0.00999403957771714,-0.010547625352643331,0.8024310456643329
BTCUSDT,2026-04,BASE_SHORT,0.0004,69,0.37681159420289856,-0.0005008973369730685,-0.0008126960306144456,0.6958541292943813,0.00979403957771714,-0.01074762535264333,0.6958541292943813
BTCUSDT,2026-04,BASE_SHORT,0.0006,69,0.34782608695652173,-0.0007008973369730686,-0.0010126960306144454,0.6050359614679991,0.00959403957771714,-0.01094762535264333,0.6050359614679991
BTCUSDT,2026-04,BASE_SHORT,0.0008,69,0.34782608695652173,-0.0009008973369730688,-0.0012126960306144455,0.5270929724610242,0.00939403957771714,-0.01114762535264333,0.5270929724610242
BTCUSDT,2026-04,BASE_SHORT,0.001,69,0.30434782608695654,-0.0011008973369730688,-0.0014126960306144456,0.4607284334265752,0.009194039577717139,-0.011347625352643331,0.4607284334265752
BTCUSDT,2026-04,ATR_CONTRACTING,0.0,18,0.3888888888888889,-0.00014732102779177778,-0.00027980469763710936,0.8423996908330721,0.00552259148281653,-0.0039131006664329115,0.8423996908330721
BTCUSDT,2026-04,ATR_CONTRACTING,0.0002,18,0.3333333333333333,-0.0003473210277917777,-0.00047980469763710934,0.6721523466115584,0.0053225914828165305,-0.004113100666432911,0.6721523466115584
BTCUSDT,2026-04,ATR_CONTRACTING,0.0004,18,0.2777777777777778,-0.0005473210277917779,-0.0006798046976371093,0.5442832863620988,0.00512259148281653,-0.004313100666432912,0.5442832863620988
BTCUSDT,2026-04,ATR_CONTRACTING,0.0006,18,0.2777777777777778,-0.0007473210277917776,-0.0008798046976371092,0.4445592857573905,0.00492259148281653,-0.004513100666432911,0.4445592857573905
BTCUSDT,2026-04,ATR_CONTRACTING,0.0008,18,0.2777777777777778,-0.0009473210277917778,-0.0010798046976371093,0.36417158129188926,0.00472259148281653,-0.004713100666432912,0.36417158129188926
BTCUSDT,2026-04,ATR_CONTRACTING,0.001,18,0.2222222222222222,-0.001147321027791778,-0.0012798046976371094,0.3019339609535737,0.00452259148281653,-0.0049131006664329116,0.3019339609535737
BTCUSDT,2026-04,ATR_EXPANDING,0.0,59,0.423728813559322,-0.00026335799231618103,-0.0004225826057694393,0.8338018492864108,0.01019403957771714,-0.01034762535264333,0.8338018492864108
BTCUSDT,2026-04,ATR_EXPANDING,0.0002,59,0.3728813559322034,-0.0004633579923161811,-0.0006225826057694393,0.72849495193332,0.00999403957771714,-0.010547625352643331,0.72849495193332
BTCUSDT,2026-04,ATR_EXPANDING,0.0004,59,0.3728813559322034,-0.000663357992316181,-0.0008225826057694393,0.6379151590571953,0.00979403957771714,-0.01074762535264333,0.6379151590571953
BTCUSDT,2026-04,ATR_EXPANDING,0.0006,59,0.3389830508474576,-0.0008633579923161811,-0.0010225826057694391,0.5597450480752091,0.00959403957771714,-0.01094762535264333,0.5597450480752091
BTCUSDT,2026-04,ATR_EXPANDING,0.0008,59,0.3389830508474576,-0.001063357992316181,-0.0012225826057694392,0.4920048422220952,0.00939403957771714,-0.01114762535264333,0.4920048422220952
BTCUSDT,2026-04,ATR_EXPANDING,0.001,59,0.3050847457627119,-0.0012633579923161814,-0.0014225826057694393,0.4333821661854044,0.009194039577717139,-0.011347625352643331,0.4333821661854044
BTCUSDT,2026-05,BASE_SHORT,0.0,97,0.4020618556701031,-0.00037579522613563377,-0.0008512871801633626,0.7785240054450342,0.014998593644285796,-0.011528011737216848,0.7785240054450342
BTCUSDT,2026-05,BASE_SHORT,0.0002,97,0.38144329896907214,-0.0005757952261356336,-0.0010512871801633627,0.6830985156632507,0.014798593644285795,-0.011728011737216848,0.6830985156632507
BTCUSDT,2026-05,BASE_SHORT,0.0004,97,0.35051546391752575,-0.0007757952261356338,-0.0012512871801633625,0.600842231591489,0.014598593644285797,-0.011928011737216847,0.600842231591489
BTCUSDT,2026-05,BASE_SHORT,0.0006,97,0.35051546391752575,-0.0009757952261356337,-0.0014512871801633624,0.5293919013097187,0.014398593644285796,-0.012128011737216848,0.5293919013097187
BTCUSDT,2026-05,BASE_SHORT,0.0008,97,0.31958762886597936,-0.001175795226135634,-0.0016512871801633625,0.4667599323704336,0.014198593644285796,-0.012328011737216848,0.4667599323704336
BTCUSDT,2026-05,BASE_SHORT,0.001,97,0.29896907216494845,-0.001375795226135634,-0.0018512871801633626,0.41285360277526484,0.013998593644285795,-0.012528011737216849,0.41285360277526484
BTCUSDT,2026-05,ATR_CONTRACTING,0.0,24,0.4583333333333333,0.0006863786867733988,-0.0003903472138118702,1.7117504498744356,0.011874153308691682,-0.005074017036627132,1.7117504498744356
BTCUSDT,2026-05,ATR_CONTRACTING,0.0002,24,0.4583333333333333,0.00048637868677339893,-0.0005903472138118702,1.453421161765417,0.011674153308691681,-0.005274017036627132,1.453421161765417
BTCUSDT,2026-05,ATR_CONTRACTING,0.0004,24,0.375,0.0002863786867733987,-0.0007903472138118702,1.2406685009896308,0.011474153308691682,-0.005474017036627132,1.2406685009896308
BTCUSDT,2026-05,ATR_CONTRACTING,0.0006,24,0.375,8.637868677339895e-05,-0.00099034721381187,1.0656907075103317,0.011274153308691682,-0.005674017036627132,1.0656907075103317
BTCUSDT,2026-05,ATR_CONTRACTING,0.0008,24,0.3333333333333333,-0.0001136213132266014,-0.0011903472138118701,0.9211568965771768,0.011074153308691681,-0.005874017036627132,0.9211568965771768
BTCUSDT,2026-05,ATR_CONTRACTING,0.001,24,0.3333333333333333,-0.0003136213132266012,-0.0013903472138118702,0.8008045176064245,0.01087415330869168,-0.006074017036627132,0.8008045176064245
BTCUSDT,2026-05,ATR_EXPANDING,0.0,80,0.4,-0.000535431855003432,-0.0009399449434109863,0.7071940821718548,0.014998593644285796,-0.011528011737216848,0.7071940821718548
BTCUSDT,2026-05,ATR_EXPANDING,0.0002,80,0.375,-0.0007354318550034319,-0.0011399449434109864,0.6227274626177018,0.014798593644285795,-0.011728011737216848,0.6227274626177018
BTCUSDT,2026-05,ATR_EXPANDING,0.0004,80,0.3625,-0.0009354318550034322,-0.0013399449434109863,0.5492330434944963,0.014598593644285797,-0.011928011737216847,0.5492330434944963
BTCUSDT,2026-05,ATR_EXPANDING,0.0006,80,0.35,-0.0011354318550034319,-0.0015399449434109862,0.48505345767060937,0.014398593644285796,-0.012128011737216848,0.48505345767060937
BTCUSDT,2026-05,ATR_EXPANDING,0.0008,80,0.3125,-0.001335431855003432,-0.0017399449434109863,0.42847821280594645,0.014198593644285796,-0.012328011737216848,0.42847821280594645
BTCUSDT,2026-05,ATR_EXPANDING,0.001,80,0.2875,-0.0015354318550034325,-0.0019399449434109864,0.38004362452232887,0.013998593644285795,-0.012528011737216849,0.38004362452232887
BTCUSDT,2026-06,BASE_SHORT,0.0,109,0.46788990825688076,0.0001755210086240669,-0.00016562830460309375,1.0876809348519352,0.015414148685598095,-0.019989606674453264,1.0876809348519352
BTCUSDT,2026-06,BASE_SHORT,0.0002,109,0.44954128440366975,-2.4478991375932933e-05,-0.00036562830460309373,0.9883931705965397,0.015214148685598094,-0.020189606674453263,0.9883931705965397
BTCUSDT,2026-06,BASE_SHORT,0.0004,109,0.42201834862385323,-0.00022447899137593324,-0.0005656283046030937,0.8989634737182672,0.015014148685598095,-0.020389606674453265,0.8989634737182672
BTCUSDT,2026-06,BASE_SHORT,0.0006,109,0.3944954128440367,-0.0004244789913759331,-0.0007656283046030937,0.8186017544475742,0.014814148685598095,-0.020589606674453264,0.8186017544475742
BTCUSDT,2026-06,BASE_SHORT,0.0008,109,0.3853211009174312,-0.0006244789913759331,-0.0009656283046030938,0.746405640876677,0.014614148685598094,-0.020789606674453263,0.746405640876677
BTCUSDT,2026-06,BASE_SHORT,0.001,109,0.3761467889908257,-0.0008244789913759337,-0.0011656283046030938,0.6813022680541526,0.014414148685598094,-0.020989606674453265,0.6813022680541526
BTCUSDT,2026-06,ATR_CONTRACTING,0.0,19,0.5789473684210527,0.0004983826536908548,0.00047606703415126184,1.3361099485811356,0.015414148685598095,-0.008363118371541578,1.3361099485811356
BTCUSDT,2026-06,ATR_CONTRACTING,0.0002,19,0.5789473684210527,0.00029838265369085473,0.00027606703415126185,1.1904156456428905,0.015214148685598094,-0.008563118371541579,1.1904156456428905
BTCUSDT,2026-06,ATR_CONTRACTING,0.0004,19,0.5263157894736842,9.838265369085472e-05,7.606703415126182e-05,1.0595212690945504,0.015014148685598095,-0.008763118371541577,1.0595212690945504
BTCUSDT,2026-06,ATR_CONTRACTING,0.0006,19,0.47368421052631576,-0.00010161734630914504,-0.0001239329658487381,0.9420706102290567,0.014814148685598095,-0.008963118371541578,0.9420706102290567
BTCUSDT,2026-06,ATR_CONTRACTING,0.0008,19,0.42105263157894735,-0.0003016173463091454,-0.0003239329658487382,0.8384731295492847,0.014614148685598094,-0.009163118371541578,0.8384731295492847
BTCUSDT,2026-06,ATR_CONTRACTING,0.001,19,0.3684210526315789,-0.0005016173463091457,-0.0005239329658487382,0.7482005227535893,0.014414148685598094,-0.009363118371541579,0.7482005227535893
BTCUSDT,2026-06,ATR_EXPANDING,0.0,96,0.4479166666666667,3.961788415853332e-05,-0.0004160269338986389,1.018611359436426,0.014515653000559237,-0.019989606674453264,1.018611359436426
BTCUSDT,2026-06,ATR_EXPANDING,0.0002,96,0.4270833333333333,-0.00016038211584146658,-0.0006160269338986389,0.928400685547597,0.014315653000559236,-0.020189606674453263,0.928400685547597
BTCUSDT,2026-06,ATR_EXPANDING,0.0004,96,0.40625,-0.00036038211584146686,-0.0008160269338986388,0.8471180670545119,0.014115653000559237,-0.020389606674453265,0.8471180670545119
BTCUSDT,2026-06,ATR_EXPANDING,0.0006,96,0.3854166666666667,-0.0005603821158414665,-0.0010160269338986387,0.7738353693717012,0.013915653000559237,-0.020589606674453264,0.7738353693717012
BTCUSDT,2026-06,ATR_EXPANDING,0.0008,96,0.375,-0.0007603821158414667,-0.0012160269338986388,0.7076478578273516,0.013715653000559236,-0.020789606674453263,0.7076478578273516
BTCUSDT,2026-06,ATR_EXPANDING,0.001,96,0.375,-0.0009603821158414672,-0.001416026933898639,0.6476840738079207,0.013515653000559236,-0.020989606674453265,0.6476840738079207
BTCUSDT,2026-07,BASE_SHORT,0.0,71,0.43661971830985913,-0.0005846228993031369,-0.0005715146536047211,0.7212517273471198,0.012237993792437729,-0.01674167841092955,0.7212517273471198
BTCUSDT,2026-07,BASE_SHORT,0.0002,71,0.4084507042253521,-0.0007846228993031369,-0.0007715146536047211,0.6452956591698841,0.012037993792437729,-0.01694167841092955,0.6452956591698841
BTCUSDT,2026-07,BASE_SHORT,0.0004,71,0.4084507042253521,-0.0009846228993031368,-0.0009715146536047211,0.5774798928802835,0.01183799379243773,-0.01714167841092955,0.5774798928802835
BTCUSDT,2026-07,BASE_SHORT,0.0006,71,0.38028169014084506,-0.0011846228993031371,-0.001171514653604721,0.5166794089074993,0.01163799379243773,-0.01734167841092955,0.5166794089074993
BTCUSDT,2026-07,BASE_SHORT,0.0008,71,0.352112676056338,-0.0013846228993031366,-0.001371514653604721,0.4625875619734047,0.011437993792437729,-0.01754167841092955,0.4625875619734047
BTCUSDT,2026-07,BASE_SHORT,0.001,71,0.352112676056338,-0.001584622899303137,-0.0015715146536047211,0.41441256497235973,0.011237993792437728,-0.01774167841092955,0.41441256497235973
BTCUSDT,2026-07,ATR_CONTRACTING,0.0,24,0.3333333333333333,-0.0016495238311253213,-0.0009405632555443133,0.2852973202377865,0.0033454406423245597,-0.010718730553826994,0.2852973202377865
BTCUSDT,2026-07,ATR_CONTRACTING,0.0002,24,0.3333333333333333,-0.0018495238311253212,-0.0011405632555443134,0.2424080902994563,0.0031454406423245596,-0.010918730553826994,0.2424080902994563
BTCUSDT,2026-07,ATR_CONTRACTING,0.0004,24,0.3333333333333333,-0.002049523831125321,-0.0013405632555443133,0.20396106252997756,0.0029454406423245596,-0.011118730553826993,0.20396106252997756
BTCUSDT,2026-07,ATR_CONTRACTING,0.0006,24,0.3333333333333333,-0.002249523831125321,-0.0015405632555443131,0.16930007370703895,0.00274544064232456,-0.011318730553826994,0.16930007370703895
BTCUSDT,2026-07,ATR_CONTRACTING,0.0008,24,0.3333333333333333,-0.0024495238311253212,-0.0017405632555443132,0.1378921265282898,0.00254544064232456,-0.011518730553826994,0.1378921265282898
BTCUSDT,2026-07,ATR_CONTRACTING,0.001,24,0.3333333333333333,-0.0026495238311253218,-0.0019405632555443133,0.1092997861831433,0.0023454406423245597,-0.011718730553826995,0.1092997861831433
BTCUSDT,2026-07,ATR_EXPANDING,0.0,56,0.44642857142857145,-7.166196541191574e-05,-0.0005561061549261281,0.9584390018588097,0.012237993792437729,-0.009134077462910506,0.9584390018588097
BTCUSDT,2026-07,ATR_EXPANDING,0.0002,56,0.4107142857142857,-0.0002716619654119156,-0.0007561061549261281,0.8521633398190938,0.012037993792437729,-0.009334077462910506,0.8521633398190938
BTCUSDT,2026-07,ATR_EXPANDING,0.0004,56,0.4107142857142857,-0.0004716619654119158,-0.0009561061549261281,0.7587948465604467,0.01183799379243773,-0.009534077462910505,0.7587948465604467
BTCUSDT,2026-07,ATR_EXPANDING,0.0006,56,0.3392857142857143,-0.0006716619654119156,-0.001156106154926128,0.6772057468078099,0.01163799379243773,-0.009734077462910506,0.6772057468078099
BTCUSDT,2026-07,ATR_EXPANDING,0.0008,56,0.30357142857142855,-0.0008716619654119158,-0.001356106154926128,0.6064432509059353,0.011437993792437729,-0.009934077462910506,0.6064432509059353
BTCUSDT,2026-07,ATR_EXPANDING,0.001,56,0.30357142857142855,-0.0010716619654119158,-0.0015561061549261282,0.5447712349171986,0.011237993792437728,-0.010134077462910507,0.5447712349171986
ETHUSDT,2026-02,BASE_SHORT,0.0,101,0.43564356435643564,-0.0005304676567492659,-0.0013582128061455645,0.879035902193742,0.042772473011966516,-0.07645478298583575,0.879035902193742
ETHUSDT,2026-02,BASE_SHORT,0.0002,101,0.4158415841584158,-0.0007304676567492661,-0.0015582128061455646,0.837718530195661,0.04257247301196652,-0.07665478298583575,0.837718530195661
ETHUSDT,2026-02,BASE_SHORT,0.0004,101,0.4158415841584158,-0.0009304676567492662,-0.0017582128061455645,0.7985159278578068,0.04237247301196652,-0.07685478298583574,0.7985159278578068
ETHUSDT,2026-02,BASE_SHORT,0.0006,101,0.4158415841584158,-0.0011304676567492654,-0.0019582128061455643,0.7612479403462237,0.04217247301196651,-0.07705478298583575,0.7612479403462237
ETHUSDT,2026-02,BASE_SHORT,0.0008,101,0.39603960396039606,-0.0013304676567492658,-0.0021582128061455644,0.7259125292034253,0.041972473011966514,-0.07725478298583574,0.7259125292034253
ETHUSDT,2026-02,BASE_SHORT,0.001,101,0.39603960396039606,-0.0015304676567492667,-0.0023582128061455645,0.6923660733151009,0.041772473011966516,-0.07745478298583575,0.6923660733151009
ETHUSDT,2026-02,ATR_CONTRACTING,0.0,27,0.4444444444444444,0.0011719732825437076,-0.0013582128061455645,1.3685930716369652,0.03550597429072999,-0.017097542060222404,1.3685930716369652
ETHUSDT,2026-02,ATR_CONTRACTING,0.0002,27,0.4444444444444444,0.0009719732825437079,-0.0015582128061455646,1.295370044712994,0.03530597429072999,-0.017297542060222403,1.295370044712994
ETHUSDT,2026-02,ATR_CONTRACTING,0.0004,27,0.4444444444444444,0.0007719732825437075,-0.0017582128061455645,1.226930292987512,0.035105974290729994,-0.017497542060222405,1.226930292987512
ETHUSDT,2026-02,ATR_CONTRACTING,0.0006,27,0.4444444444444444,0.0005719732825437075,-0.0019582128061455643,1.1628199417702945,0.03490597429072999,-0.017697542060222404,1.1628199417702945
ETHUSDT,2026-02,ATR_CONTRACTING,0.0008,27,0.4444444444444444,0.00037197328254370756,-0.0021582128061455644,1.1026407787340318,0.03470597429072999,-0.017897542060222402,1.1026407787340318
ETHUSDT,2026-02,ATR_CONTRACTING,0.001,27,0.4444444444444444,0.00017197328254370706,-0.0023582128061455645,1.0460419748340024,0.03450597429072999,-0.018097542060222405,1.0460419748340024
ETHUSDT,2026-02,ATR_EXPANDING,0.0,90,0.43333333333333335,-0.0014883784697094973,-0.0017480880853215641,0.7013474076651113,0.042772473011966516,-0.07645478298583575,0.7013474076651113
ETHUSDT,2026-02,ATR_EXPANDING,0.0002,90,0.4111111111111111,-0.0016883784697094971,-0.0019480880853215642,0.6689704190306793,0.04257247301196652,-0.07665478298583575,0.6689704190306793
ETHUSDT,2026-02,ATR_EXPANDING,0.0004,90,0.4111111111111111,-0.0018883784697094977,-0.0021480880853215643,0.6381143374014789,0.04237247301196652,-0.07685478298583574,0.6381143374014789
ETHUSDT,2026-02,ATR_EXPANDING,0.0006,90,0.4,-0.002088378469709497,-0.002348088085321564,0.608650902705878,0.04217247301196651,-0.07705478298583575,0.608650902705878
ETHUSDT,2026-02,ATR_EXPANDING,0.0008,90,0.37777777777777777,-0.0022883784697094968,-0.002548088085321564,0.5808134100959265,0.041972473011966514,-0.07725478298583574,0.5808134100959265
ETHUSDT,2026-02,ATR_EXPANDING,0.001,90,0.37777777777777777,-0.002488378469709498,-0.002748088085321564,0.5543365455540418,0.041772473011966516,-0.07745478298583575,0.5543365455540418
ETHUSDT,2026-03,BASE_SHORT,0.0,91,0.42857142857142855,0.0005277014108466205,-0.00075857681201974,1.2098308609628423,0.043706310703209406,-0.02400042555660875,1.2098308609628423
ETHUSDT,2026-03,BASE_SHORT,0.0002,91,0.4175824175824176,0.000327701410846621,-0.00095857681201974,1.1246264282851866,0.04350631070320941,-0.02420042555660875,1.1246264282851866
ETHUSDT,2026-03,BASE_SHORT,0.0004,91,0.4175824175824176,0.0001277014108466206,-0.00115857681201974,1.0465053127542043,0.04330631070320941,-0.024400425556608752,1.0465053127542043
ETHUSDT,2026-03,BASE_SHORT,0.0006,91,0.4065934065934066,-7.229858915337968e-05,-0.0013585768120197399,0.9747474220836193,0.0431063107032094,-0.02460042555660875,0.9747474220836193
ETHUSDT,2026-03,BASE_SHORT,0.0008,91,0.3956043956043956,-0.00027229858915337986,-0.00155857681201974,0.9087222653168668,0.042906310703209403,-0.02480042555660875,0.9087222653168668
ETHUSDT,2026-03,BASE_SHORT,0.001,91,0.3516483516483517,-0.00047229858915338017,-0.00175857681201974,0.8480758060554584,0.042706310703209405,-0.025000425556608752,0.8480758060554584
ETHUSDT,2026-03,ATR_CONTRACTING,0.0,23,0.5217391304347826,0.003337287558786353,0.00017319841177054762,2.7832216002759465,0.043706310703209406,-0.01109482617251556,2.7832216002759465
ETHUSDT,2026-03,ATR_CONTRACTING,0.0002,23,0.4782608695652174,0.003137287558786353,-2.6801588229452387e-05,2.5938983672696225,0.04350631070320941,-0.01129482617251556,2.5938983672696225
ETHUSDT,2026-03,ATR_CONTRACTING,0.0004,23,0.4782608695652174,0.0029372875587863534,-0.0002268015882294524,2.4171592727905447,0.04330631070320941,-0.011494826172515559,2.4171592727905447
ETHUSDT,2026-03,ATR_CONTRACTING,0.0006,23,0.4782608695652174,0.002737287558786353,-0.0004268015882294523,2.2573630213368423,0.0431063107032094,-0.01169482617251556,2.2573630213368423
ETHUSDT,2026-03,ATR_CONTRACTING,0.0008,23,0.4782608695652174,0.0025372875587863523,-0.0006268015882294524,2.1121847454874225,0.042906310703209403,-0.01189482617251556,2.1121847454874225
ETHUSDT,2026-03,ATR_CONTRACTING,0.001,23,0.43478260869565216,0.0023372875587863522,-0.0008268015882294524,1.9781435165866046,0.042706310703209405,-0.01209482617251556,1.9781435165866046
ETHUSDT,2026-03,ATR_EXPANDING,0.0,79,0.43037974683544306,0.00018571455311053975,-0.0008561190871270163,1.0784105302447309,0.032819870992586875,-0.01835586044049986,1.0784105302447309
ETHUSDT,2026-03,ATR_EXPANDING,0.0002,79,0.43037974683544306,-1.4285446889460175e-05,-0.0010561190871270164,0.9942453406775243,0.032619870992586876,-0.01855586044049986,0.9942453406775243
ETHUSDT,2026-03,ATR_EXPANDING,0.0004,79,0.4177215189873418,-0.00021428544688946032,-0.0012561190871270163,0.9175187826256366,0.03241987099258688,-0.01875586044049986,0.9175187826256366
ETHUSDT,2026-03,ATR_EXPANDING,0.0006,79,0.4177215189873418,-0.00041428544688946014,-0.0014561190871270162,0.8473775622549731,0.03221987099258687,-0.01895586044049986,0.8473775622549731
ETHUSDT,2026-03,ATR_EXPANDING,0.0008,79,0.3924050632911392,-0.0006142854468894603,-0.0016561190871270163,0.78315301131407,0.03201987099258687,-0.01915586044049986,0.78315301131407
ETHUSDT,2026-03,ATR_EXPANDING,0.001,79,0.35443037974683544,-0.0008142854468894608,-0.0018561190871270164,0.724777329587554,0.031819870992586874,-0.01935586044049986,0.724777329587554
ETHUSDT,2026-04,BASE_SHORT,0.0,81,0.4691358024691358,7.665698811479237e-05,-0.0002465291293627381,1.0367543438934808,0.024260748050514147,-0.0267377141745474,1.0367543438934808
ETHUSDT,2026-04,BASE_SHORT,0.0002,81,0.43209876543209874,-0.00012334301188520751,-0.00044652912936273806,0.9438509996265347,0.02406074805051415,-0.0269377141745474,0.9438509996265347
ETHUSDT,2026-04,BASE_SHORT,0.0004,81,0.4074074074074074,-0.0003233430118852077,-0.000646529129362738,0.8601587574471872,0.023860748050514146,-0.0271377141745474,0.8601587574471872
ETHUSDT,2026-04,BASE_SHORT,0.0006,81,0.3950617283950617,-0.0005233430118852077,-0.000846529129362738,0.7848798733639785,0.023660748050514147,-0.0273377141745474,0.7848798733639785
ETHUSDT,2026-04,BASE_SHORT,0.0008,81,0.37037037037037035,-0.0007233430118852077,-0.001046529129362738,0.717000871075894,0.02346074805051415,-0.0275377141745474,0.717000871075894
ETHUSDT,2026-04,BASE_SHORT,0.001,81,0.37037037037037035,-0.000923343011885208,-0.001246529129362738,0.6557151848751647,0.023260748050514146,-0.0277377141745474,0.6557151848751647
ETHUSDT,2026-04,ATR_CONTRACTING,0.0,24,0.5,0.0011983276208207873,-1.944875508680388e-05,1.890628211683183,0.024260748050514147,-0.005590710557153433,1.890628211683183
ETHUSDT,2026-04,ATR_CONTRACTING,0.0002,24,0.4583333333333333,0.0009983276208207874,-0.00021944875508680386,1.6876528470636247,0.02406074805051415,-0.005790710557153433,1.6876528470636247
ETHUSDT,2026-04,ATR_CONTRACTING,0.0004,24,0.4166666666666667,0.0007983276208207874,-0.0004194487550868039,1.5114725357136416,0.023860748050514146,-0.005990710557153433,1.5114725357136416
ETHUSDT,2026-04,ATR_CONTRACTING,0.0006,24,0.4166666666666667,0.0005983276208207875,-0.0006194487550868038,1.3566764026508797,0.023660748050514147,-0.006190710557153433,1.3566764026508797
ETHUSDT,2026-04,ATR_CONTRACTING,0.0008,24,0.375,0.0003983276208207873,-0.0008194487550868039,1.2212190880855769,0.02346074805051415,-0.006390710557153434,1.2212190880855769
ETHUSDT,2026-04,ATR_CONTRACTING,0.001,24,0.375,0.00019832762082078726,-0.001019448755086804,1.102995104738596,0.023260748050514146,-0.006590710557153433,1.102995104738596
ETHUSDT,2026-04,ATR_EXPANDING,0.0,64,0.484375,0.00019828884546664594,-0.00013640470869735744,1.088150700221908,0.02086996242286343,-0.0267377141745474,1.088150700221908
ETHUSDT,2026-04,ATR_EXPANDING,0.0002,64,0.4375,-1.7111545333538302e-06,-0.0003364047086973574,0.9992739374560714,0.020669962422863432,-0.0269377141745474,0.9992739374560714
ETHUSDT,2026-04,ATR_EXPANDING,0.0004,64,0.421875,-0.00020171115453335403,-0.0005364047086973574,0.9183827215020304,0.02046996242286343,-0.0271377141745474,0.9183827215020304
ETHUSDT,2026-04,ATR_EXPANDING,0.0006,64,0.40625,-0.0004017111545333541,-0.0007364047086973574,0.8448788233075825,0.02026996242286343,-0.0273377141745474,0.8448788233075825
ETHUSDT,2026-04,ATR_EXPANDING,0.0008,64,0.390625,-0.0006017111545333542,-0.0009364047086973574,0.7778675857252313,0.020069962422863432,-0.0275377141745474,0.7778675857252313
ETHUSDT,2026-04,ATR_EXPANDING,0.001,64,0.390625,-0.0008017111545333545,-0.0011364047086973575,0.7167768838336503,0.01986996242286343,-0.0277377141745474,0.7167768838336503
ETHUSDT,2026-05,BASE_SHORT,0.0,98,0.42857142857142855,0.00024125570243217057,-0.00047096806754293175,1.1278031709322258,0.017651875890934532,-0.015635349323183445,1.1278031709322258
ETHUSDT,2026-05,BASE_SHORT,0.0002,98,0.41836734693877553,4.125570243217068e-05,-0.0006709680675429317,1.020592483339712,0.017451875890934533,-0.015835349323183444,1.020592483339712
ETHUSDT,2026-05,BASE_SHORT,0.0004,98,0.41836734693877553,-0.0001587442975678294,-0.0008709680675429317,0.9251121915397318,0.01725187589093453,-0.016035349323183446,0.9251121915397318
ETHUSDT,2026-05,BASE_SHORT,0.0006,98,0.40816326530612246,-0.00035874429756782935,-0.0010709680675429316,0.8396713020516477,0.017051875890934532,-0.016235349323183445,0.8396713020516477
ETHUSDT,2026-05,BASE_SHORT,0.0008,98,0.3979591836734694,-0.0005587442975678297,-0.0012709680675429317,0.7628476901907137,0.016851875890934533,-0.016435349323183444,0.7628476901907137
ETHUSDT,2026-05,BASE_SHORT,0.001,98,0.37755102040816324,-0.0007587442975678298,-0.0014709680675429318,0.6938243478573909,0.01665187589093453,-0.016635349323183446,0.6938243478573909
ETHUSDT,2026-05,ATR_CONTRACTING,0.0,25,0.48,0.0011596950496272607,-1.00758713109661e-05,1.5963870349241343,0.017651875890934532,-0.015635349323183445,1.5963870349241343
ETHUSDT,2026-05,ATR_CONTRACTING,0.0002,25,0.48,0.000959695049627261,-0.0002100758713109661,1.4684788760303484,0.017451875890934533,-0.015835349323183444,1.4684788760303484
ETHUSDT,2026-05,ATR_CONTRACTING,0.0004,25,0.48,0.0007596950496272605,-0.0004100758713109661,1.352930518773203,0.01725187589093453,-0.016035349323183446,1.352930518773203
ETHUSDT,2026-05,ATR_CONTRACTING,0.0006,25,0.48,0.0005596950496272609,-0.000610075871310966,1.2480330336235699,0.017051875890934532,-0.016235349323183445,1.2480330336235699
ETHUSDT,2026-05,ATR_CONTRACTING,0.0008,25,0.48,0.00035969504962726073,-0.0008100758713109661,1.1523786579034125,0.016851875890934533,-0.016435349323183444,1.1523786579034125
ETHUSDT,2026-05,ATR_CONTRACTING,0.001,25,0.48,0.00015969504962726034,-0.0010100758713109661,1.0647972516256865,0.01665187589093453,-0.016635349323183446,1.0647972516256865
ETHUSDT,2026-05,ATR_EXPANDING,0.0,83,0.42168674698795183,0.00012386440365451574,-0.0004808984314224052,1.068415623209847,0.016673661342484047,-0.014572274018230136,1.068415623209847
ETHUSDT,2026-05,ATR_EXPANDING,0.0002,83,0.40963855421686746,-7.613559634548427e-05,-0.0006808984314224052,0.9605070626296277,0.01647366134248405,-0.014772274018230136,0.9605070626296277
ETHUSDT,2026-05,ATR_EXPANDING,0.0004,83,0.40963855421686746,-0.0002761355963454844,-0.0008808984314224051,0.8650297975363277,0.016273661342484046,-0.014972274018230135,0.8650297975363277
ETHUSDT,2026-05,ATR_EXPANDING,0.0006,83,0.39759036144578314,-0.0004761355963454842,-0.001080898431422405,0.7801475159033262,0.016073661342484048,-0.015172274018230136,0.7801475159033262
ETHUSDT,2026-05,ATR_EXPANDING,0.0008,83,0.3855421686746988,-0.0006761355963454844,-0.0012808984314224051,0.704272324165646,0.01587366134248405,-0.015372274018230136,0.704272324165646
ETHUSDT,2026-05,ATR_EXPANDING,0.001,83,0.3614457831325301,-0.0008761355963454846,-0.0014808984314224052,0.6366403417332904,0.015673661342484047,-0.015572274018230137,0.6366403417332904
ETHUSDT,2026-06,BASE_SHORT,0.0,102,0.43137254901960786,0.0003032431227529395,-0.0008362379637671391,1.0871057085869107,0.031745086754909835,-0.03834581204954168,1.0871057085869107
ETHUSDT,2026-06,BASE_SHORT,0.0002,102,0.4215686274509804,0.00010324312275294003,-0.0010362379637671392,1.02871745282714,0.031545086754909836,-0.03854581204954168,1.02871745282714
ETHUSDT,2026-06,BASE_SHORT,0.0004,102,0.4215686274509804,-9.675687724705998e-05,-0.001236237963767139,0.9739257519075248,0.03134508675490984,-0.03874581204954168,0.9739257519075248
ETHUSDT,2026-06,BASE_SHORT,0.0006,102,0.4117647058823529,-0.00029675687724706114,-0.001436237963767139,0.9224804167445383,0.031145086754909835,-0.038945812049541687,0.9224804167445383
ETHUSDT,2026-06,BASE_SHORT,0.0008,102,0.4019607843137255,-0.0004967568772470609,-0.001636237963767139,0.8741664327184635,0.030945086754909836,-0.039145812049541685,0.8741664327184635
ETHUSDT,2026-06,BASE_SHORT,0.001,102,0.39215686274509803,-0.0006967568772470612,-0.0018362379637671391,0.8287665527173753,0.030745086754909834,-0.039345812049541684,0.8287665527173753
ETHUSDT,2026-06,ATR_CONTRACTING,0.0,24,0.5416666666666666,0.0014393718079330025,0.0015955891862156069,1.740465990114933,0.017763636363636426,-0.007160890253975927,1.740465990114933
ETHUSDT,2026-06,ATR_CONTRACTING,0.0002,24,0.5416666666666666,0.0012393718079330024,0.0013955891862156068,1.608866463868712,0.017563636363636427,-0.007360890253975926,1.608866463868712
ETHUSDT,2026-06,ATR_CONTRACTING,0.0004,24,0.5416666666666666,0.0010393718079330025,0.001195589186215607,1.488608846496464,0.017363636363636425,-0.007560890253975927,1.488608846496464
ETHUSDT,2026-06,ATR_CONTRACTING,0.0006,24,0.5416666666666666,0.0008393718079330025,0.000995589186215607,1.3782874581725033,0.017163636363636426,-0.0077608902539759266,1.3782874581725033
ETHUSDT,2026-06,ATR_CONTRACTING,0.0008,24,0.5416666666666666,0.0006393718079330022,0.0007955891862156069,1.2767196907434812,0.016963636363636427,-0.007960890253975927,1.2767196907434812
ETHUSDT,2026-06,ATR_CONTRACTING,0.001,24,0.5416666666666666,0.00043937180793300205,0.0005955891862156068,1.1829034463613954,0.016763636363636425,-0.008160890253975928,1.1829034463613954
ETHUSDT,2026-06,ATR_EXPANDING,0.0,95,0.4105263157894737,-0.00016337673851985976,-0.0013186236194726586,0.9559363679895043,0.031745086754909835,-0.03834581204954168,0.9559363679895043
ETHUSDT,2026-06,ATR_EXPANDING,0.0002,95,0.3894736842105263,-0.000363376738519859,-0.0015186236194726587,0.9050419039890913,0.031545086754909836,-0.03854581204954168,0.9050419039890913
ETHUSDT,2026-06,ATR_EXPANDING,0.0004,95,0.37894736842105264,-0.0005633767385198594,-0.0017186236194726586,0.8573807735969275,0.03134508675490984,-0.03874581204954168,0.8573807735969275
ETHUSDT,2026-06,ATR_EXPANDING,0.0006,95,0.35789473684210527,-0.0007633767385198607,-0.0019186236194726584,0.8127744813908667,0.031145086754909835,-0.038945812049541687,0.8127744813908667
ETHUSDT,2026-06,ATR_EXPANDING,0.0008,95,0.3473684210526316,-0.0009633767385198599,-0.0021186236194726585,0.7710499564527498,0.030945086754909836,-0.039145812049541685,0.7710499564527498
ETHUSDT,2026-06,ATR_EXPANDING,0.001,95,0.3368421052631579,-0.0011633767385198605,-0.0023186236194726586,0.7319510251750878,0.030745086754909834,-0.039345812049541684,0.7319510251750878
ETHUSDT,2026-07,BASE_SHORT,0.0,81,0.30864197530864196,-0.0015746676511496473,-0.0019174622004285435,0.44181773605451996,0.019385970011997378,-0.012856130031772661,0.44181773605451996
ETHUSDT,2026-07,BASE_SHORT,0.0002,81,0.30864197530864196,-0.0017746676511496472,-0.0021174622004285436,0.40031542719527974,0.01918597001199738,-0.013056130031772662,0.40031542719527974
ETHUSDT,2026-07,BASE_SHORT,0.0004,81,0.30864197530864196,-0.0019746676511496475,-0.0023174622004285437,0.36251829543525144,0.018985970011997377,-0.01325613003177266,0.36251829543525144
ETHUSDT,2026-07,BASE_SHORT,0.0006,81,0.2716049382716049,-0.002174667651149647,-0.0025174622004285434,0.3288544688854089,0.018785970011997378,-0.013456130031772661,0.3288544688854089
ETHUSDT,2026-07,BASE_SHORT,0.0008,81,0.24691358024691357,-0.0023746676511496472,-0.0027174622004285435,0.2992010190724859,0.01858597001199738,-0.013656130031772662,0.2992010190724859
ETHUSDT,2026-07,BASE_SHORT,0.001,81,0.2345679012345679,-0.002574667651149648,-0.0029174622004285436,0.272688150911475,0.018385970011997377,-0.013856130031772662,0.272688150911475
ETHUSDT,2026-07,ATR_CONTRACTING,0.0,24,0.375,-0.0016577599009517756,-0.001781580888651213,0.36715085442325524,0.005287994705820642,-0.012856130031772661,0.36715085442325524
ETHUSDT,2026-07,ATR_CONTRACTING,0.0002,24,0.375,-0.0018577599009517755,-0.001981580888651213,0.323101646229604,0.005087994705820643,-0.013056130031772662,0.323101646229604
ETHUSDT,2026-07,ATR_CONTRACTING,0.0004,24,0.375,-0.0020577599009517756,-0.002181580888651213,0.28289012122886364,0.004887994705820642,-0.01325613003177266,0.28289012122886364
ETHUSDT,2026-07,ATR_CONTRACTING,0.0006,24,0.3333333333333333,-0.0022577599009517752,-0.002381580888651213,0.24682871976510462,0.004687994705820642,-0.013456130031772661,0.24682871976510462
ETHUSDT,2026-07,ATR_CONTRACTING,0.0008,24,0.2916666666666667,-0.0024577599009517758,-0.002581580888651213,0.21683575786137596,0.004487994705820642,-0.013656130031772662,0.21683575786137596
ETHUSDT,2026-07,ATR_CONTRACTING,0.001,24,0.25,-0.002657759900951776,-0.002781580888651213,0.19038955541946984,0.004287994705820642,-0.013856130031772662,0.19038955541946984
ETHUSDT,2026-07,ATR_EXPANDING,0.0,68,0.27941176470588236,-0.001927676846941423,-0.0024722027898130827,0.378239556457951,0.019385970011997378,-0.011984126984126986,0.378239556457951
ETHUSDT,2026-07,ATR_EXPANDING,0.0002,68,0.27941176470588236,-0.002127676846941423,-0.002672202789813083,0.3442144841519098,0.01918597001199738,-0.012184126984126986,0.3442144841519098
ETHUSDT,2026-07,ATR_EXPANDING,0.0004,68,0.27941176470588236,-0.002327676846941424,-0.002872202789813083,0.3130836043285134,0.018985970011997377,-0.012384126984126985,0.3130836043285134
ETHUSDT,2026-07,ATR_EXPANDING,0.0006,68,0.22058823529411764,-0.0025276768469414223,-0.0030722027898130826,0.28611937772856555,0.018785970011997378,-0.012584126984126986,0.28611937772856555
ETHUSDT,2026-07,ATR_EXPANDING,0.0008,68,0.20588235294117646,-0.0027276768469414224,-0.0032722027898130827,0.2622285142410676,0.01858597001199738,-0.012784126984126986,0.2622285142410676
ETHUSDT,2026-07,ATR_EXPANDING,0.001,68,0.19117647058823528,-0.002927676846941424,-0.0034722027898130827,0.24093308467577593,0.018385970011997377,-0.012984126984126987,0.24093308467577593
BNBUSDT,2026-02,BASE_SHORT,0.0,101,0.4752475247524752,0.0004941462491389763,-0.0004301966157865822,1.1801669244021258,0.04002933551644139,-0.06291523896851825,1.1801669244021258
BNBUSDT,2026-02,BASE_SHORT,0.0002,101,0.4752475247524752,0.0002941462491389764,-0.0006301966157865822,1.1032938764810976,0.03982933551644139,-0.06311523896851826,1.1032938764810976
BNBUSDT,2026-02,BASE_SHORT,0.0004,101,0.46534653465346537,9.414624913897656e-05,-0.0008301966157865822,1.0318847385038896,0.03962933551644139,-0.06331523896851825,1.0318847385038896
BNBUSDT,2026-02,BASE_SHORT,0.0006,101,0.44554455445544555,-0.00010585375086102389,-0.001030196615786582,0.9654136028532472,0.039429335516441386,-0.06351523896851825,0.9654136028532472
BNBUSDT,2026-02,BASE_SHORT,0.0008,101,0.44554455445544555,-0.0003058537508610239,-0.0012301966157865821,0.90356031918372,0.03922933551644139,-0.06371523896851825,0.90356031918372
BNBUSDT,2026-02,BASE_SHORT,0.001,101,0.43564356435643564,-0.0005058537508610245,-0.0014301966157865822,0.8459520507724847,0.03902933551644139,-0.06391523896851825,0.8459520507724847
BNBUSDT,2026-02,ATR_CONTRACTING,0.0,24,0.4583333333333333,0.0014917785978851988,-0.0020215294200075506,1.6160349928417292,0.033613170340550225,-0.01144714066429342,1.6160349928417292
BNBUSDT,2026-02,ATR_CONTRACTING,0.0002,24,0.4583333333333333,0.0012917785978851992,-0.0022215294200075507,1.5106017270227348,0.033413170340550226,-0.011647140664293421,1.5106017270227348
BNBUSDT,2026-02,ATR_CONTRACTING,0.0004,24,0.4583333333333333,0.0010917785978851989,-0.002421529420007551,1.4138271914120648,0.03321317034055023,-0.01184714066429342,1.4138271914120648
BNBUSDT,2026-02,ATR_CONTRACTING,0.0006,24,0.4166666666666667,0.0008917785978851987,-0.0026215294200075505,1.324407702080266,0.03301317034055022,-0.01204714066429342,1.324407702080266
BNBUSDT,2026-02,ATR_CONTRACTING,0.0008,24,0.4166666666666667,0.0006917785978851988,-0.0028215294200075506,1.2414070453150214,0.03281317034055022,-0.01224714066429342,1.2414070453150214
BNBUSDT,2026-02,ATR_CONTRACTING,0.001,24,0.4166666666666667,0.0004917785978851984,-0.0030215294200075507,1.1649003587320992,0.032613170340550224,-0.012447140664293421,1.1649003587320992
BNBUSDT,2026-02,ATR_EXPANDING,0.0,83,0.4819277108433735,0.00031553946602228157,-0.00024553534890570106,1.1101400232540004,0.04002933551644139,-0.06291523896851825,1.1101400232540004
BNBUSDT,2026-02,ATR_EXPANDING,0.0002,83,0.4819277108433735,0.0001155394660222816,-0.00044553534890570104,1.038921726774915,0.03982933551644139,-0.06311523896851826,1.038921726774915
BNBUSDT,2026-02,ATR_EXPANDING,0.0004,83,0.46987951807228917,-8.446053397771814e-05,-0.000645535348905701,0.9725084281550819,0.03962933551644139,-0.06331523896851825,0.9725084281550819
BNBUSDT,2026-02,ATR_EXPANDING,0.0006,83,0.4578313253012048,-0.0002844605339777185,-0.000845535348905701,0.9105103811611883,0.039429335516441386,-0.06351523896851825,0.9105103811611883
BNBUSDT,2026-02,ATR_EXPANDING,0.0008,83,0.4578313253012048,-0.0004844605339777182,-0.001045535348905701,0.8526191002768048,0.03922933551644139,-0.06371523896851825,0.8526191002768048
BNBUSDT,2026-02,ATR_EXPANDING,0.001,83,0.4457831325301205,-0.0006844605339777189,-0.001245535348905701,0.7985262793412793,0.03902933551644139,-0.06391523896851825,0.7985262793412793
BNBUSDT,2026-03,BASE_SHORT,0.0,82,0.3902439024390244,-0.000521303389133644,-0.0007490688673246204,0.7156993761530004,0.01130466716696743,-0.01419875185917785,0.7156993761530004
BNBUSDT,2026-03,BASE_SHORT,0.0002,82,0.36585365853658536,-0.0007213033891336439,-0.0009490688673246204,0.6313758215251628,0.01110466716696743,-0.01439875185917785,0.6313758215251628
BNBUSDT,2026-03,BASE_SHORT,0.0004,82,0.36585365853658536,-0.0009213033891336442,-0.0011490688673246204,0.5578254359040152,0.010904667166967431,-0.014598751859177849,0.5578254359040152
BNBUSDT,2026-03,BASE_SHORT,0.0006,82,0.32926829268292684,-0.001121303389133644,-0.0013490688673246203,0.4934877856234806,0.01070466716696743,-0.01479875185917785,0.4934877856234806
BNBUSDT,2026-03,BASE_SHORT,0.0008,82,0.3170731707317073,-0.001321303389133644,-0.0015490688673246203,0.43781695148980715,0.01050466716696743,-0.01499875185917785,0.43781695148980715
BNBUSDT,2026-03,BASE_SHORT,0.001,82,0.2926829268292683,-0.0015213033891336443,-0.0017490688673246204,0.38874537411343835,0.01030466716696743,-0.01519875185917785,0.38874537411343835
BNBUSDT,2026-03,ATR_CONTRACTING,0.0,22,0.45454545454545453,0.0003378321044359473,-0.0005082609807412486,1.284972732862185,0.00933181596488386,-0.00497611770668549,1.284972732862185
BNBUSDT,2026-03,ATR_CONTRACTING,0.0002,22,0.45454545454545453,0.00013783210443594717,-0.0007082609807412486,1.106468576744107,0.00913181596488386,-0.00517611770668549,1.106468576744107
BNBUSDT,2026-03,ATR_CONTRACTING,0.0004,22,0.45454545454545453,-6.216789556405281e-05,-0.0009082609807412486,0.9557104951095621,0.008931815964883861,-0.00537611770668549,0.9557104951095621
BNBUSDT,2026-03,ATR_CONTRACTING,0.0006,22,0.4090909090909091,-0.00026216789556405255,-0.0011082609807412484,0.8270916236430277,0.00873181596488386,-0.00557611770668549,0.8270916236430277
BNBUSDT,2026-03,ATR_CONTRACTING,0.0008,22,0.36363636363636365,-0.00046216789556405286,-0.0013082609807412485,0.7187575036319225,0.00853181596488386,-0.00577611770668549,0.7187575036319225
BNBUSDT,2026-03,ATR_CONTRACTING,0.001,22,0.3181818181818182,-0.0006621678955640528,-0.0015082609807412486,0.6263279804671876,0.00833181596488386,-0.00597611770668549,0.6263279804671876
BNBUSDT,2026-03,ATR_EXPANDING,0.0,67,0.43283582089552236,-0.0005469595683896458,-0.0004535441233639581,0.7101039282776623,0.01130466716696743,-0.01419875185917785,0.7101039282776623
BNBUSDT,2026-03,ATR_EXPANDING,0.0002,67,0.40298507462686567,-0.0007469595683896455,-0.0006535441233639581,0.6268178379135848,0.01110466716696743,-0.01439875185917785,0.6268178379135848
BNBUSDT,2026-03,ATR_EXPANDING,0.0004,67,0.40298507462686567,-0.0009469595683896458,-0.0008535441233639581,0.5535311430190246,0.010904667166967431,-0.014598751859177849,0.5535311430190246
BNBUSDT,2026-03,ATR_EXPANDING,0.0006,67,0.3582089552238806,-0.0011469595683896458,-0.001053544123363958,0.48899699055651236,0.01070466716696743,-0.01479875185917785,0.48899699055651236
BNBUSDT,2026-03,ATR_EXPANDING,0.0008,67,0.3582089552238806,-0.0013469595683896457,-0.001253544123363958,0.4323534487567339,0.01050466716696743,-0.01499875185917785,0.4323534487567339
BNBUSDT,2026-03,ATR_EXPANDING,0.001,67,0.31343283582089554,-0.001546959568389646,-0.0014535441233639581,0.3829438027262109,0.01030466716696743,-0.01519875185917785,0.3829438027262109
BNBUSDT,2026-04,BASE_SHORT,0.0,78,0.47435897435897434,0.00012231994504471806,-0.00011509257102931825,1.0842212263569408,0.011820537965816724,-0.010608294340106461,1.0842212263569408
BNBUSDT,2026-04,BASE_SHORT,0.0002,78,0.4358974358974359,-7.768005495528204e-05,-0.00031509257102931823,0.9502129280457303,0.011620537965816724,-0.010808294340106462,0.9502129280457303
BNBUSDT,2026-04,BASE_SHORT,0.0004,78,0.41025641025641024,-0.0002776800549552821,-0.0005150925710293182,0.8342789056944435,0.011420537965816725,-0.01100829434010646,0.8342789056944435
BNBUSDT,2026-04,BASE_SHORT,0.0006,78,0.3974358974358974,-0.00047768005495528205,-0.0007150925710293182,0.7337493938559388,0.011220537965816724,-0.011208294340106461,0.7337493938559388
BNBUSDT,2026-04,BASE_SHORT,0.0008,78,0.3717948717948718,-0.0006776800549552822,-0.0009150925710293183,0.6466372598023272,0.011020537965816724,-0.011408294340106461,0.6466372598023272
BNBUSDT,2026-04,BASE_SHORT,0.001,78,0.358974358974359,-0.0008776800549552823,-0.0011150925710293183,0.5708117980016975,0.010820537965816723,-0.011608294340106462,0.5708117980016975
BNBUSDT,2026-04,ATR_CONTRACTING,0.0,20,0.4,-0.0001986253394870019,-0.00011509257102931825,0.7790506398879958,0.0037066412003692317,-0.005070687397159213,0.7790506398879958
BNBUSDT,2026-04,ATR_CONTRACTING,0.0002,20,0.4,-0.000398625339487002,-0.00031509257102931823,0.608793185925671,0.0035066412003692316,-0.005270687397159212,0.608793185925671
BNBUSDT,2026-04,ATR_CONTRACTING,0.0004,20,0.4,-0.0005986253394870021,-0.0005150925710293182,0.4744120356507368,0.0033066412003692315,-0.005470687397159213,0.4744120356507368
BNBUSDT,2026-04,ATR_CONTRACTING,0.0006,20,0.4,-0.0007986253394870017,-0.0007150925710293182,0.3656483748834685,0.003106641200369232,-0.005670687397159212,0.3656483748834685
BNBUSDT,2026-04,ATR_CONTRACTING,0.0008,20,0.3,-0.0009986253394870018,-0.0009150925710293183,0.28229069889718106,0.002906641200369232,-0.005870687397159213,0.28229069889718106
BNBUSDT,2026-04,ATR_CONTRACTING,0.001,20,0.3,-0.0011986253394870021,-0.0011150925710293183,0.2173042291927444,0.0027066412003692317,-0.006070687397159213,0.2173042291927444
BNBUSDT,2026-04,ATR_EXPANDING,0.0,64,0.546875,0.00023597563735636845,0.00014527678259723675,1.1521640763831595,0.011820537965816724,-0.010608294340106461,1.1521640763831595
BNBUSDT,2026-04,ATR_EXPANDING,0.0002,64,0.484375,3.597563735636839e-05,-5.4723217402763256e-05,1.0218416664137753,0.011620537965816724,-0.010808294340106462,1.0218416664137753
BNBUSDT,2026-04,ATR_EXPANDING,0.0004,64,0.453125,-0.00016402436264363154,-0.00025472321740276327,0.9064486052405913,0.011420537965816725,-0.01100829434010646,0.9064486052405913
BNBUSDT,2026-04,ATR_EXPANDING,0.0006,64,0.40625,-0.0003640243626436314,-0.0004547232174027632,0.8052795784862642,0.011220537965816724,-0.011208294340106461,0.8052795784862642
BNBUSDT,2026-04,ATR_EXPANDING,0.0008,64,0.40625,-0.0005640243626436316,-0.0006547232174027633,0.7163172010565748,0.011020537965816724,-0.011408294340106461,0.7163172010565748
BNBUSDT,2026-04,ATR_EXPANDING,0.001,64,0.390625,-0.000764024362643632,-0.0008547232174027633,0.6377040771514504,0.010820537965816723,-0.011608294340106462,0.6377040771514504
BNBUSDT,2026-05,BASE_SHORT,0.0,84,0.3333333333333333,-0.0005447115623822261,-0.0010748899208615215,0.7167113275954671,0.013056653100026683,-0.009719680889994864,0.7167113275954671
BNBUSDT,2026-05,BASE_SHORT,0.0002,84,0.30952380952380953,-0.0007447115623822264,-0.0012748899208615216,0.6383269683251787,0.012856653100026682,-0.009919680889994864,0.6383269683251787
BNBUSDT,2026-05,BASE_SHORT,0.0004,84,0.30952380952380953,-0.000944711562382226,-0.0014748899208615214,0.5700324241457386,0.012656653100026683,-0.010119680889994863,0.5700324241457386
BNBUSDT,2026-05,BASE_SHORT,0.0006,84,0.2619047619047619,-0.0011447115623822262,-0.0016748899208615213,0.511072776192854,0.012456653100026683,-0.010319680889994864,0.511072776192854
BNBUSDT,2026-05,BASE_SHORT,0.0008,84,0.25,-0.0013447115623822258,-0.0018748899208615214,0.4600377578872232,0.012256653100026682,-0.010519680889994864,0.4600377578872232
BNBUSDT,2026-05,BASE_SHORT,0.001,84,0.2261904761904762,-0.0015447115623822266,-0.0020748899208615215,0.41528318446312124,0.012056653100026682,-0.010719680889994865,0.41528318446312124
BNBUSDT,2026-05,ATR_CONTRACTING,0.0,24,0.375,0.0003408711485065885,-0.001063716244820101,1.2168850063452392,0.013056653100026683,-0.007716003672877059,1.2168850063452392
BNBUSDT,2026-05,ATR_CONTRACTING,0.0002,24,0.375,0.00014087114850658833,-0.001263716244820101,1.083028133651058,0.012856653100026682,-0.00791600367287706,1.083028133651058
BNBUSDT,2026-05,ATR_CONTRACTING,0.0004,24,0.375,-5.912885149341124e-05,-0.001463716244820101,0.9675413616452261,0.012656653100026683,-0.008116003672877058,0.9675413616452261
BNBUSDT,2026-05,ATR_CONTRACTING,0.0006,24,0.25,-0.00025912885149341133,-0.0016637162448201008,0.8679846851812102,0.012456653100026683,-0.008316003672877059,0.8679846851812102
BNBUSDT,2026-05,ATR_CONTRACTING,0.0008,24,0.25,-0.0004591288514934117,-0.001863716244820101,0.7826989199619451,0.012256653100026682,-0.008516003672877059,0.7826989199619451
BNBUSDT,2026-05,ATR_CONTRACTING,0.001,24,0.25,-0.0006591288514934116,-0.002063716244820101,0.7087199173078064,0.012056653100026682,-0.00871600367287706,0.7087199173078064
BNBUSDT,2026-05,ATR_EXPANDING,0.0,68,0.35294117647058826,-0.0006402203384239786,-0.0010123837152915538,0.6582402537651209,0.012844902130335845,-0.009719680889994864,0.6582402537651209
BNBUSDT,2026-05,ATR_EXPANDING,0.0002,68,0.3235294117647059,-0.0008402203384239783,-0.0012123837152915539,0.581215667458939,0.012644902130335844,-0.009919680889994864,0.581215667458939
BNBUSDT,2026-05,ATR_EXPANDING,0.0004,68,0.3235294117647059,-0.0010402203384239786,-0.0014123837152915538,0.5142847717721066,0.012444902130335845,-0.010119680889994863,0.5142847717721066
BNBUSDT,2026-05,ATR_EXPANDING,0.0006,68,0.29411764705882354,-0.0012402203384239785,-0.0016123837152915536,0.45605007515323787,0.012244902130335845,-0.010319680889994864,0.45605007515323787
BNBUSDT,2026-05,ATR_EXPANDING,0.0008,68,0.27941176470588236,-0.0014402203384239782,-0.0018123837152915537,0.4056151497356631,0.012044902130335844,-0.010519680889994864,0.4056151497356631
BNBUSDT,2026-05,ATR_EXPANDING,0.001,68,0.25,-0.0016402203384239791,-0.002012383715291554,0.3615157583603771,0.011844902130335844,-0.010719680889994865,0.3615157583603771
BNBUSDT,2026-06,BASE_SHORT,0.0,95,0.45263157894736844,0.00010015314603121041,-0.0005010916639821561,1.0456764198230661,0.014211288880668471,-0.016814908936891082,1.0456764198230661
BNBUSDT,2026-06,BASE_SHORT,0.0002,95,0.4105263157894737,-9.984685396878953e-05,-0.0007010916639821561,0.9566726107533303,0.01401128888066847,-0.01701490893689108,0.9566726107533303
BNBUSDT,2026-06,BASE_SHORT,0.0004,95,0.4105263157894737,-0.00029984685396878955,-0.0009010916639821561,0.8762175158413621,0.013811288880668472,-0.017214908936891083,0.8762175158413621
BNBUSDT,2026-06,BASE_SHORT,0.0006,95,0.3894736842105263,-0.0004998468539687896,-0.001101091663982156,0.8033796625712375,0.013611288880668471,-0.017414908936891082,0.8033796625712375
BNBUSDT,2026-06,BASE_SHORT,0.0008,95,0.37894736842105264,-0.0006998468539687893,-0.001301091663982156,0.7374272267918628,0.01341128888066847,-0.01761490893689108,0.7374272267918628
BNBUSDT,2026-06,BASE_SHORT,0.001,95,0.3473684210526316,-0.0008998468539687901,-0.0015010916639821561,0.6777351639459304,0.01321128888066847,-0.017814908936891083,0.6777351639459304
BNBUSDT,2026-06,ATR_CONTRACTING,0.0,27,0.5185185185185185,0.0013021741140099882,0.0004487251398259673,2.2613856624856172,0.010926737633061956,-0.005097845749054475,2.2613856624856172
BNBUSDT,2026-06,ATR_CONTRACTING,0.0002,27,0.5185185185185185,0.0011021741140099883,0.0002487251398259673,1.9765571100358899,0.010726737633061955,-0.0052978457490544745,1.9765571100358899
BNBUSDT,2026-06,ATR_CONTRACTING,0.0004,27,0.5185185185185185,0.0009021741140099881,4.872513982596727e-05,1.7365114613270207,0.010526737633061957,-0.005497845749054475,1.7365114613270207
BNBUSDT,2026-06,ATR_CONTRACTING,0.0006,27,0.48148148148148145,0.0007021741140099884,-0.00015127486017403266,1.529212658831167,0.010326737633061956,-0.005697845749054475,1.529212658831167
BNBUSDT,2026-06,ATR_CONTRACTING,0.0008,27,0.48148148148148145,0.0005021741140099881,-0.00035127486017403275,1.3510402127392185,0.010126737633061956,-0.005897845749054475,1.3510402127392185
BNBUSDT,2026-06,ATR_CONTRACTING,0.001,27,0.4444444444444444,0.00030217411400998813,-0.0005512748601740327,1.1966764254501085,0.009926737633061955,-0.006097845749054475,1.1966764254501085
BNBUSDT,2026-06,ATR_EXPANDING,0.0,81,0.4567901234567901,-0.0003137226689817285,-0.0005010916639821561,0.8800899101367207,0.014211288880668471,-0.016814908936891082,0.8800899101367207
BNBUSDT,2026-06,ATR_EXPANDING,0.0002,81,0.41975308641975306,-0.0005137226689817284,-0.0007010916639821561,0.8116498499163735,0.01401128888066847,-0.01701490893689108,0.8116498499163735
BNBUSDT,2026-06,ATR_EXPANDING,0.0004,81,0.41975308641975306,-0.0007137226689817284,-0.0009010916639821561,0.7490017843723477,0.013811288880668472,-0.017214908936891083,0.7490017843723477
BNBUSDT,2026-06,ATR_EXPANDING,0.0006,81,0.4074074074074074,-0.0009137226689817288,-0.001101091663982156,0.6913079660140937,0.013611288880668471,-0.017414908936891082,0.6913079660140937
BNBUSDT,2026-06,ATR_EXPANDING,0.0008,81,0.38271604938271603,-0.0011137226689817289,-0.001301091663982156,0.6384108823030821,0.01341128888066847,-0.01761490893689108,0.6384108823030821
BNBUSDT,2026-06,ATR_EXPANDING,0.001,81,0.35802469135802467,-0.0013137226689817292,-0.0015010916639821561,0.5902279136239642,0.01321128888066847,-0.017814908936891083,0.5902279136239642
BNBUSDT,2026-07,BASE_SHORT,0.0,77,0.4155844155844156,-8.688870791547369e-05,-0.00020952647017735693,0.9397548104686966,0.012717253073336154,-0.008505276421483687,0.9397548104686966
BNBUSDT,2026-07,BASE_SHORT,0.0002,77,0.4155844155844156,-0.0002868887079154737,-0.0004095264701773569,0.8159948946337228,0.012517253073336154,-0.008705276421483688,0.8159948946337228
BNBUSDT,2026-07,BASE_SHORT,0.0004,77,0.35064935064935066,-0.0004868887079154738,-0.0006095264701773569,0.710353101905669,0.012317253073336155,-0.008905276421483687,0.710353101905669
BNBUSDT,2026-07,BASE_SHORT,0.0006,77,0.3246753246753247,-0.0006868887079154737,-0.0008095264701773569,0.621332222624079,0.012117253073336155,-0.009105276421483687,0.621332222624079
BNBUSDT,2026-07,BASE_SHORT,0.0008,77,0.2987012987012987,-0.0008868887079154737,-0.0010095264701773569,0.545731763825784,0.011917253073336154,-0.009305276421483688,0.545731763825784
BNBUSDT,2026-07,BASE_SHORT,0.001,77,0.2857142857142857,-0.001086888707915474,-0.001209526470177357,0.48119058633735684,0.011717253073336154,-0.009505276421483688,0.48119058633735684
BNBUSDT,2026-07,ATR_CONTRACTING,0.0,30,0.4,0.0001608510860805268,-0.0007572980179980648,1.137520308636547,0.012717253073336154,-0.004286900384634862,1.137520308636547
BNBUSDT,2026-07,ATR_CONTRACTING,0.0002,30,0.4,-3.914891391947318e-05,-0.0009572980179980648,0.9696438467622517,0.012517253073336154,-0.0044869003846348616,0.9696438467622517
BNBUSDT,2026-07,ATR_CONTRACTING,0.0004,30,0.36666666666666664,-0.00023914891391947323,-0.0011572980179980648,0.8303592504219355,0.012317253073336155,-0.004686900384634862,0.8303592504219355
BNBUSDT,2026-07,ATR_CONTRACTING,0.0006,30,0.3333333333333333,-0.0004391489139194731,-0.0013572980179980647,0.7153400167102584,0.012117253073336155,-0.004886900384634862,0.7153400167102584
BNBUSDT,2026-07,ATR_CONTRACTING,0.0008,30,0.3,-0.0006391489139194733,-0.0015572980179980648,0.6194342766825917,0.011917253073336154,-0.005086900384634862,0.6194342766825917
BNBUSDT,2026-07,ATR_CONTRACTING,0.001,30,0.3,-0.0008391489139194734,-0.0017572980179980649,0.538794993452914,0.011717253073336154,-0.005286900384634862,0.538794993452914
BNBUSDT,2026-07,ATR_EXPANDING,0.0,61,0.4098360655737705,-0.000395761563571338,-0.0002748054892396379,0.77316058942516,0.009887727585173645,-0.008505276421483687,0.77316058942516
BNBUSDT,2026-07,ATR_EXPANDING,0.0002,61,0.4098360655737705,-0.0005957615635713379,-0.00047480548923963786,0.6801640913638312,0.009687727585173644,-0.008705276421483688,0.6801640913638312
BNBUSDT,2026-07,ATR_EXPANDING,0.0004,61,0.3442622950819672,-0.0007957615635713378,-0.0006748054892396378,0.5995074140589142,0.009487727585173645,-0.008905276421483687,0.5995074140589142
BNBUSDT,2026-07,ATR_EXPANDING,0.0006,61,0.3114754098360656,-0.0009957615635713382,-0.0008748054892396378,0.5305974838742421,0.009287727585173645,-0.009105276421483687,0.5305974838742421
BNBUSDT,2026-07,ATR_EXPANDING,0.0008,61,0.2786885245901639,-0.0011957615635713376,-0.0010748054892396378,0.47175095479882034,0.009087727585173644,-0.009305276421483688,0.47175095479882034
BNBUSDT,2026-07,ATR_EXPANDING,0.001,61,0.26229508196721313,-0.0013957615635713382,-0.001274805489239638,0.4210561595767737,0.008887727585173644,-0.009505276421483688,0.4210561595767737
SOLUSDT,2026-02,BASE_SHORT,0.0,74,0.5405405405405406,0.00032900886217644584,0.0007215156004029,1.0694636792826393,0.04429892141756553,-0.08051779935275083,1.0694636792826393
SOLUSDT,2026-02,BASE_SHORT,0.0002,74,0.5405405405405406,0.00012900886217644567,0.0005215156004029,1.026719271570878,0.04409892141756553,-0.08071779935275084,1.026719271570878
SOLUSDT,2026-02,BASE_SHORT,0.0004,74,0.527027027027027,-7.099113782355285e-05,0.00032151560040289995,0.9855730695441419,0.04389892141756553,-0.08091779935275083,0.9855730695441419
SOLUSDT,2026-02,BASE_SHORT,0.0006,74,0.5135135135135135,-0.0002709911378235554,0.00012151560040290002,0.9459856590102442,0.043698921417565526,-0.08111779935275083,0.9459856590102442
SOLUSDT,2026-02,BASE_SHORT,0.0008,74,0.4864864864864865,-0.00047099113782355447,-7.848439959710007e-05,0.9079455459759672,0.04349892141756553,-0.08131779935275082,0.9079455459759672
SOLUSDT,2026-02,BASE_SHORT,0.001,74,0.4864864864864865,-0.000670991137823555,-0.00027848439959710005,0.8714365346384437,0.04329892141756553,-0.08151779935275083,0.8714365346384437
SOLUSDT,2026-02,ATR_CONTRACTING,0.0,20,0.55,0.0017420919924393263,0.002514419460524997,1.549674911569252,0.021363173957273496,-0.014809828340625941,1.549674911569252
SOLUSDT,2026-02,ATR_CONTRACTING,0.0002,20,0.55,0.0015420919924393265,0.002314419460524997,1.473134020518407,0.021163173957273497,-0.015009828340625942,1.473134020518407
SOLUSDT,2026-02,ATR_CONTRACTING,0.0004,20,0.55,0.0013420919924393268,0.002114419460524997,1.4007066175980838,0.020963173957273495,-0.01520982834062594,1.4007066175980838
SOLUSDT,2026-02,ATR_CONTRACTING,0.0006,20,0.55,0.001142091992439326,0.0019144194605249971,1.3320697773555954,0.020763173957273496,-0.015409828340625941,1.3320697773555954
SOLUSDT,2026-02,ATR_CONTRACTING,0.0008,20,0.55,0.0009420919924393258,0.001714419460524997,1.2669335136536461,0.020563173957273497,-0.015609828340625942,1.2669335136536461
SOLUSDT,2026-02,ATR_CONTRACTING,0.001,20,0.55,0.0007420919924393254,0.001514419460524997,1.205036684227126,0.020363173957273495,-0.015809828340625942,1.205036684227126
SOLUSDT,2026-02,ATR_EXPANDING,0.0,65,0.49230769230769234,-0.001197555551843317,-0.0003453833755469038,0.7933107802981201,0.04429892141756553,-0.08051779935275083,0.7933107802981201
SOLUSDT,2026-02,ATR_EXPANDING,0.0002,65,0.49230769230769234,-0.0013975555518433171,-0.0005453833755469038,0.7629465721222918,0.04409892141756553,-0.08071779935275084,0.7629465721222918
SOLUSDT,2026-02,ATR_EXPANDING,0.0004,65,0.47692307692307695,-0.0015975555518433166,-0.0007453833755469038,0.7336377825884359,0.04389892141756553,-0.08091779935275083,0.7336377825884359
SOLUSDT,2026-02,ATR_EXPANDING,0.0006,65,0.46153846153846156,-0.0017975555518433177,-0.0009453833755469037,0.7055224855633009,0.043698921417565526,-0.08111779935275083,0.7055224855633009
SOLUSDT,2026-02,ATR_EXPANDING,0.0008,65,0.4461538461538462,-0.001997555551843317,-0.0011453833755469037,0.6785149973022802,0.04349892141756553,-0.08131779935275082,0.6785149973022802
SOLUSDT,2026-02,ATR_EXPANDING,0.001,65,0.4307692307692308,-0.002197555551843318,-0.0013453833755469038,0.6526720198078367,0.04329892141756553,-0.08151779935275083,0.6526720198078367
SOLUSDT,2026-03,BASE_SHORT,0.0,90,0.4,-0.00043065936137489167,-0.0017635511467883336,0.8550116064580681,0.01810515873015861,-0.02658300057045082,0.8550116064580681
SOLUSDT,2026-03,BASE_SHORT,0.0002,90,0.37777777777777777,-0.0006306593613748916,-0.0019635511467883337,0.7960465895977324,0.01790515873015861,-0.02678300057045082,0.7960465895977324
SOLUSDT,2026-03,BASE_SHORT,0.0004,90,0.37777777777777777,-0.0008306593613748917,-0.0021635511467883338,0.7417600295992715,0.01770515873015861,-0.026983000570450822,0.7417600295992715
SOLUSDT,2026-03,BASE_SHORT,0.0006,90,0.36666666666666664,-0.0010306593613748913,-0.0023635511467883334,0.6916310173313547,0.01750515873015861,-0.02718300057045082,0.6916310173313547
SOLUSDT,2026-03,BASE_SHORT,0.0008,90,0.36666666666666664,-0.0012306593613748916,-0.0025635511467883335,0.64523671932618,0.01730515873015861,-0.02738300057045082,0.64523671932618
SOLUSDT,2026-03,BASE_SHORT,0.001,90,0.34444444444444444,-0.0014306593613748922,-0.0027635511467883336,0.6025810753129603,0.01710515873015861,-0.027583000570450822,0.6025810753129603
SOLUSDT,2026-03,ATR_CONTRACTING,0.0,25,0.44,0.0011015351555895413,-0.0003360967958772054,1.445676198028938,0.015260651935050662,-0.015746180963572165,1.445676198028938
SOLUSDT,2026-03,ATR_CONTRACTING,0.0002,25,0.44,0.0009015351555895412,-0.0005360967958772054,1.348944765341452,0.015060651935050661,-0.015946180963572164,1.348944765341452
SOLUSDT,2026-03,ATR_CONTRACTING,0.0004,25,0.44,0.0007015351555895415,-0.0007360967958772054,1.2602515457765153,0.014860651935050663,-0.016146180963572166,1.2602515457765153
SOLUSDT,2026-03,ATR_CONTRACTING,0.0006,25,0.4,0.0005015351555895416,-0.0009360967958772054,1.178353268682989,0.014660651935050662,-0.016346180963572165,1.178353268682989
SOLUSDT,2026-03,ATR_CONTRACTING,0.0008,25,0.4,0.00030153515558954143,-0.0011360967958772054,1.1028416889267958,0.014460651935050662,-0.016546180963572164,1.1028416889267958
SOLUSDT,2026-03,ATR_CONTRACTING,0.001,25,0.4,0.00010153515558954111,-0.0013360967958772054,1.033268047322022,0.014260651935050661,-0.016746180963572166,1.033268047322022
SOLUSDT,2026-03,ATR_EXPANDING,0.0,80,0.4,-0.000893071527146784,-0.001527774023226014,0.6994146951913399,0.01810515873015861,-0.02658300057045082,0.6994146951913399
SOLUSDT,2026-03,ATR_EXPANDING,0.0002,80,0.375,-0.0010930715271467838,-0.001727774023226014,0.6466226883217303,0.01790515873015861,-0.02678300057045082,0.6466226883217303
SOLUSDT,2026-03,ATR_EXPANDING,0.0004,80,0.3625,-0.001293071527146784,-0.0019277740232260141,0.5983287571843331,0.01770515873015861,-0.026983000570450822,0.5983287571843331
SOLUSDT,2026-03,ATR_EXPANDING,0.0006,80,0.35,-0.001493071527146784,-0.002127774023226014,0.5541061951267857,0.01750515873015861,-0.02718300057045082,0.5541061951267857
SOLUSDT,2026-03,ATR_EXPANDING,0.0008,80,0.35,-0.0016930715271467843,-0.002327774023226014,0.5132741811749978,0.01730515873015861,-0.02738300057045082,0.5132741811749978
SOLUSDT,2026-03,ATR_EXPANDING,0.001,80,0.325,-0.0018930715271467846,-0.002527774023226014,0.4760786277743587,0.01710515873015861,-0.027583000570450822,0.4760786277743587
SOLUSDT,2026-04,BASE_SHORT,0.0,73,0.4657534246575342,0.0005124138784080122,-0.0002396644697423289,1.2841174519523122,0.027724786976980775,-0.020226936359151515,1.2841174519523122
SOLUSDT,2026-04,BASE_SHORT,0.0002,73,0.4246575342465753,0.00031241387840801244,-0.0004396644697423289,1.1632356645703308,0.027524786976980777,-0.020426936359151514,1.1632356645703308
SOLUSDT,2026-04,BASE_SHORT,0.0004,73,0.3698630136986301,0.00011241387840801204,-0.0006396644697423289,1.0552923847609268,0.027324786976980774,-0.020626936359151516,1.0552923847609268
SOLUSDT,2026-04,BASE_SHORT,0.0006,73,0.3698630136986301,-8.758612159198762e-05,-0.0008396644697423289,0.959434118605835,0.027124786976980775,-0.020826936359151515,0.959434118605835
SOLUSDT,2026-04,BASE_SHORT,0.0008,73,0.3698630136986301,-0.0002875861215919878,-0.0010396644697423288,0.8741492018216254,0.026924786976980777,-0.021026936359151514,0.8741492018216254
SOLUSDT,2026-04,BASE_SHORT,0.001,73,0.3424657534246575,-0.0004875861215919883,-0.001239664469742329,0.7981867819129721,0.026724786976980774,-0.021226936359151516,0.7981867819129721
SOLUSDT,2026-04,ATR_CONTRACTING,0.0,22,0.5,0.0009420428308004098,5.567688257201997e-05,2.022506916340385,0.013190642110502804,-0.0037322417529497276,2.022506916340385
SOLUSDT,2026-04,ATR_CONTRACTING,0.0002,22,0.5,0.0007420428308004099,-0.00014432311742798,1.726561939161932,0.012990642110502803,-0.003932241752949727,1.726561939161932
SOLUSDT,2026-04,ATR_CONTRACTING,0.0004,22,0.4090909090909091,0.0005420428308004099,-0.00034432311742798,1.4817657974396161,0.012790642110502804,-0.004132241752949728,1.4817657974396161
SOLUSDT,2026-04,ATR_CONTRACTING,0.0006,22,0.4090909090909091,0.00034204283080040994,-0.00054432311742798,1.2751091361720956,0.012590642110502804,-0.0043322417529497274,1.2751091361720956
SOLUSDT,2026-04,ATR_CONTRACTING,0.0008,22,0.4090909090909091,0.0001420428308004096,-0.00074432311742798,1.1043296831031053,0.012390642110502803,-0.004532241752949728,1.1043296831031053
SOLUSDT,2026-04,ATR_CONTRACTING,0.001,22,0.36363636363636365,-5.7957169199590314e-05,-0.00094432311742798,0.96104568518365,0.012190642110502803,-0.004732241752949728,0.96104568518365
SOLUSDT,2026-04,ATR_EXPANDING,0.0,61,0.4426229508196721,0.0004883092890532268,-0.00024119633381569638,1.2409271623004408,0.027724786976980775,-0.020226936359151515,1.2409271623004408
SOLUSDT,2026-04,ATR_EXPANDING,0.0002,61,0.39344262295081966,0.000288309289053227,-0.00044119633381569637,1.1345691568664007,0.027524786976980777,-0.020426936359151514,1.1345691568664007
SOLUSDT,2026-04,ATR_EXPANDING,0.0004,61,0.36065573770491804,8.830928905322666e-05,-0.0006411963338156963,1.0389483862392044,0.027324786976980774,-0.020626936359151516,1.0389483862392044
SOLUSDT,2026-04,ATR_EXPANDING,0.0006,61,0.36065573770491804,-0.00011169071094677306,-0.0008411963338156963,0.953369141489965,0.027124786976980775,-0.020826936359151515,0.953369141489965
SOLUSDT,2026-04,ATR_EXPANDING,0.0008,61,0.36065573770491804,-0.00031169071094677334,-0.0010411963338156963,0.8764641549094352,0.026924786976980777,-0.021026936359151514,0.8764641549094352
SOLUSDT,2026-04,ATR_EXPANDING,0.001,61,0.3442622950819672,-0.0005116907109467736,-0.0012411963338156964,0.8071874726122655,0.026724786976980774,-0.021226936359151516,0.8071874726122655
SOLUSDT,2026-05,BASE_SHORT,0.0,92,0.45652173913043476,0.0001217660110270961,-0.0005959885802067078,1.0584631997309901,0.022365382277865553,-0.018250471994965434,1.0584631997309901
SOLUSDT,2026-05,BASE_SHORT,0.0002,92,0.44565217391304346,-7.823398897290365e-05,-0.0007959885802067077,0.9643156335283461,0.022165382277865554,-0.018450471994965432,0.9643156335283461
SOLUSDT,2026-05,BASE_SHORT,0.0004,92,0.43478260869565216,-0.00027823398897290413,-0.0009959885802067077,0.879308582008327,0.021965382277865552,-0.018650471994965435,0.879308582008327
SOLUSDT,2026-05,BASE_SHORT,0.0006,92,0.40217391304347827,-0.00047823398897290373,-0.0011959885802067076,0.8024022318585253,0.021765382277865553,-0.018850471994965434,0.8024022318585253
SOLUSDT,2026-05,BASE_SHORT,0.0008,92,0.391304347826087,-0.000678233988972904,-0.0013959885802067077,0.7331723390487627,0.021565382277865554,-0.019050471994965432,0.7331723390487627
SOLUSDT,2026-05,BASE_SHORT,0.001,92,0.34782608695652173,-0.0008782339889729042,-0.0015959885802067078,0.6709520166039923,0.021365382277865552,-0.019250471994965435,0.6709520166039923
SOLUSDT,2026-05,ATR_CONTRACTING,0.0,24,0.4583333333333333,0.0003063314188444105,-0.0011761869174805595,1.1796959327758814,0.017264936032791,-0.00498640072529466,1.1796959327758814
SOLUSDT,2026-05,ATR_CONTRACTING,0.0002,24,0.4166666666666667,0.00010633141884441057,-0.0013761869174805596,1.058534780626858,0.017064936032791002,-0.005186400725294659,1.058534780626858
SOLUSDT,2026-05,ATR_CONTRACTING,0.0004,24,0.4166666666666667,-9.366858115558967e-05,-0.0015761869174805594,0.9515478370622518,0.016864936032791,-0.00538640072529466,0.9515478370622518
SOLUSDT,2026-05,ATR_CONTRACTING,0.0006,24,0.3333333333333333,-0.00029366858115558933,-0.0017761869174805593,0.8571771535633622,0.016664936032791,-0.0055864007252946594,0.8571771535633622
SOLUSDT,2026-05,ATR_CONTRACTING,0.0008,24,0.2916666666666667,-0.0004936685811555897,-0.0019761869174805594,0.7753313711782233,0.016464936032791002,-0.00578640072529466,0.7753313711782233
SOLUSDT,2026-05,ATR_CONTRACTING,0.001,24,0.2916666666666667,-0.0006936685811555895,-0.0021761869174805595,0.7034318432506993,0.016264936032791,-0.00598640072529466,0.7034318432506993
SOLUSDT,2026-05,ATR_EXPANDING,0.0,74,0.4594594594594595,0.00023536928577540814,-0.0005918303385604728,1.1074063614986458,0.022365382277865553,-0.018250471994965434,1.1074063614986458
SOLUSDT,2026-05,ATR_EXPANDING,0.0002,74,0.4594594594594595,3.536928577540819e-05,-0.0007918303385604728,1.0153813030615568,0.022165382277865554,-0.018450471994965432,1.0153813030615568
SOLUSDT,2026-05,ATR_EXPANDING,0.0004,74,0.44594594594594594,-0.00016463071422459204,-0.0009918303385604728,0.9316938129612174,0.021965382277865552,-0.018650471994965435,0.9316938129612174
SOLUSDT,2026-05,ATR_EXPANDING,0.0006,74,0.43243243243243246,-0.0003646307142245917,-0.0011918303385604727,0.8553784010987923,0.021765382277865553,-0.018850471994965434,0.8553784010987923
SOLUSDT,2026-05,ATR_EXPANDING,0.0008,74,0.43243243243243246,-0.0005646307142245919,-0.0013918303385604728,0.7857016338550523,0.021565382277865554,-0.019050471994965432,0.7857016338550523
SOLUSDT,2026-05,ATR_EXPANDING,0.001,74,0.3783783783783784,-0.0007646307142245922,-0.0015918303385604729,0.7224627084655116,0.021365382277865552,-0.019250471994965435,0.7224627084655116
SOLUSDT,2026-06,BASE_SHORT,0.0,97,0.5154639175257731,-5.4634132549766836e-05,0.0004496402877698369,0.9852422014981841,0.03537774838816343,-0.032776934749620734,0.9852422014981841
SOLUSDT,2026-06,BASE_SHORT,0.0002,97,0.5051546391752577,-0.00025463413254976636,0.0002496402877698369,0.9329867084804424,0.035177748388163434,-0.03297693474962073,0.9329867084804424
SOLUSDT,2026-06,BASE_SHORT,0.0004,97,0.5051546391752577,-0.00045463413254976634,4.964028776983687e-05,0.8833890141353831,0.034977748388163435,-0.03317693474962073,0.8833890141353831
SOLUSDT,2026-06,BASE_SHORT,0.0006,97,0.4845360824742268,-0.0006546341325497672,-0.00015035971223016306,0.8363514904910408,0.03477774838816343,-0.03337693474962074,0.8363514904910408
SOLUSDT,2026-06,BASE_SHORT,0.0008,97,0.4845360824742268,-0.0008546341325497674,-0.00035035971223016315,0.7917222083971213,0.03457774838816343,-0.033576934749620736,0.7917222083971213
SOLUSDT,2026-06,BASE_SHORT,0.001,97,0.4742268041237113,-0.0010546341325497676,-0.0005503597122301631,0.7493556324421696,0.03437774838816343,-0.033776934749620735,0.7493556324421696
SOLUSDT,2026-06,ATR_CONTRACTING,0.0,28,0.6785714285714286,0.0005280462779015671,0.0033017329392174277,1.1727650399450538,0.014970930232558244,-0.032776934749620734,1.1727650399450538
SOLUSDT,2026-06,ATR_CONTRACTING,0.0002,28,0.6428571428571429,0.0003280462779015672,0.0031017329392174276,1.105025636475691,0.014770930232558243,-0.03297693474962073,1.105025636475691
SOLUSDT,2026-06,ATR_CONTRACTING,0.0004,28,0.6428571428571429,0.00012804627790156736,0.0029017329392174275,1.0400781332724283,0.014570930232558245,-0.03317693474962073,1.0400781332724283
SOLUSDT,2026-06,ATR_CONTRACTING,0.0006,28,0.6071428571428571,-7.195372209843298e-05,0.002701732939217428,0.9780073365198025,0.014370930232558244,-0.03337693474962074,0.9780073365198025
SOLUSDT,2026-06,ATR_CONTRACTING,0.0008,28,0.6071428571428571,-0.00027195372209843315,0.002501732939217428,0.9188267194519387,0.014170930232558243,-0.033576934749620736,0.9188267194519387
SOLUSDT,2026-06,ATR_CONTRACTING,0.001,28,0.6071428571428571,-0.0004719537220984333,0.0023017329392174277,0.8623583209259998,0.013970930232558243,-0.033776934749620735,0.8623583209259998
SOLUSDT,2026-06,ATR_EXPANDING,0.0,84,0.47619047619047616,2.049628530414751e-05,-0.00013680342167998738,1.005714117467797,0.03537774838816343,-0.022304832713754608,1.005714117467797
SOLUSDT,2026-06,ATR_EXPANDING,0.0002,84,0.47619047619047616,-0.00017950371469585246,-0.00033680342167998736,0.9513766377278993,0.035177748388163434,-0.022504832713754606,0.9513766377278993
SOLUSDT,2026-06,ATR_EXPANDING,0.0004,84,0.47619047619047616,-0.00037950371469585204,-0.0005368034216799873,0.9000379878797325,0.034977748388163435,-0.02270483271375461,0.9000379878797325
SOLUSDT,2026-06,ATR_EXPANDING,0.0006,84,0.4642857142857143,-0.0005795037146958529,-0.0007368034216799873,0.8515005855923709,0.03477774838816343,-0.022904832713754607,0.8515005855923709
SOLUSDT,2026-06,ATR_EXPANDING,0.0008,84,0.4642857142857143,-0.0007795037146958525,-0.0009368034216799874,0.8055877524555071,0.03457774838816343,-0.023104832713754606,0.8055877524555071
SOLUSDT,2026-06,ATR_EXPANDING,0.001,84,0.4523809523809524,-0.0009795037146958531,-0.0011368034216799874,0.7621489369408903,0.03437774838816343,-0.02330483271375461,0.7621489369408903
SOLUSDT,2026-07,BASE_SHORT,0.0,80,0.3625,-0.0012843372812366028,-0.001133055529391802,0.49536452518995394,0.016343595591029825,-0.01306655777868504,0.49536452518995394
SOLUSDT,2026-07,BASE_SHORT,0.0002,80,0.35,-0.0014843372812366027,-0.0013330555293918022,0.44478036940315974,0.016143595591029826,-0.01326655777868504,0.44478036940315974
SOLUSDT,2026-07,BASE_SHORT,0.0004,80,0.3125,-0.0016843372812366027,-0.001533055529391802,0.399937257236211,0.015943595591029824,-0.013466557778685039,0.399937257236211
SOLUSDT,2026-07,BASE_SHORT,0.0006,80,0.275,-0.0018843372812366026,-0.001733055529391802,0.36086171433849534,0.015743595591029825,-0.01366655777868504,0.36086171433849534
SOLUSDT,2026-07,BASE_SHORT,0.0008,80,0.25,-0.002084337281236603,-0.001933055529391802,0.32685233808299374,0.015543595591029824,-0.01386655777868504,0.32685233808299374
SOLUSDT,2026-07,BASE_SHORT,0.001,80,0.25,-0.0022843372812366034,-0.002133055529391802,0.29634848117346535,0.015343595591029824,-0.01406655777868504,0.29634848117346535
SOLUSDT,2026-07,ATR_CONTRACTING,0.0,28,0.25,-0.0023074812535811918,-0.0019466571481043804,0.2627130338138592,0.012658227848101333,-0.01306655777868504,0.2627130338138592
SOLUSDT,2026-07,ATR_CONTRACTING,0.0002,28,0.25,-0.002507481253581192,-0.0021466571481043805,0.23545225745902323,0.012458227848101333,-0.01326655777868504,0.23545225745902323
SOLUSDT,2026-07,ATR_CONTRACTING,0.0004,28,0.21428571428571427,-0.0027074812535811915,-0.0023466571481043806,0.2116944905637329,0.012258227848101334,-0.013466557778685039,0.2116944905637329
SOLUSDT,2026-07,ATR_CONTRACTING,0.0006,28,0.14285714285714285,-0.002907481253581192,-0.0025466571481043802,0.19252861066190896,0.012058227848101333,-0.01366655777868504,0.19252861066190896
SOLUSDT,2026-07,ATR_CONTRACTING,0.0008,28,0.10714285714285714,-0.003107481253581191,-0.0027466571481043803,0.17710848748741825,0.011858227848101333,-0.01386655777868504,0.17710848748741825
SOLUSDT,2026-07,ATR_CONTRACTING,0.001,28,0.10714285714285714,-0.003307481253581192,-0.0029466571481043804,0.16369334804466243,0.011658227848101332,-0.01406655777868504,0.16369334804466243
SOLUSDT,2026-07,ATR_EXPANDING,0.0,59,0.3898305084745763,-0.0008972348181162518,-0.0011064666830588044,0.6347107258963138,0.016343595591029825,-0.010917598128411754,0.6347107258963138
SOLUSDT,2026-07,ATR_EXPANDING,0.0002,59,0.3728813559322034,-0.001097234818116252,-0.0013064666830588044,0.5746178683668497,0.016143595591029826,-0.011117598128411755,0.5746178683668497
SOLUSDT,2026-07,ATR_EXPANDING,0.0004,59,0.3389830508474576,-0.001297234818116252,-0.0015064666830588043,0.5208356360915672,0.015943595591029824,-0.011317598128411753,0.5208356360915672
SOLUSDT,2026-07,ATR_EXPANDING,0.0006,59,0.3220338983050847,-0.0014972348181162517,-0.0017064666830588042,0.47287427482147026,0.015743595591029825,-0.011517598128411754,0.47287427482147026
SOLUSDT,2026-07,ATR_EXPANDING,0.0008,59,0.3050847457627119,-0.0016972348181162518,-0.0019064666830588043,0.4301299119316896,0.015543595591029824,-0.011717598128411754,0.4301299119316896
SOLUSDT,2026-07,ATR_EXPANDING,0.001,59,0.3050847457627119,-0.0018972348181162523,-0.0021064666830588044,0.39137874797410127,0.015343595591029824,-0.011917598128411755,0.39137874797410127
