symbol,period,cost,samples,win_rate,mean_return,median_return,profit_factor,best_trade,worst_trade
BTCUSDT,2026-02,0.0,81,0.4691358024691358,-1.2977629275833523e-05,-0.0005858185776754787,0.9962568334782015,0.03601026290939813,-0.06349107574840662
BTCUSDT,2026-02,0.0002,81,0.4691358024691358,-0.00021297762927583317,-0.0007858185776754787,0.9403956905660177,0.03581026290939813,-0.06369107574840663
BTCUSDT,2026-02,0.0004,81,0.4567901234567901,-0.0004129776292758328,-0.0009858185776754787,0.8877773955305955,0.03561026290939813,-0.06389107574840662
BTCUSDT,2026-02,0.0006,81,0.4444444444444444,-0.0006129776292758342,-0.0011858185776754786,0.8382721256853802,0.035410262909398124,-0.06409107574840663
BTCUSDT,2026-02,0.0008,81,0.4074074074074074,-0.0008129776292758338,-0.0013858185776754787,0.7917607221364752,0.035210262909398125,-0.06429107574840662
BTCUSDT,2026-02,0.001,81,0.38271604938271603,-0.0010129776292758343,-0.0015858185776754788,0.748300546579761,0.03501026290939813,-0.06449107574840662
BTCUSDT,2026-03,0.0,93,0.3655913978494624,-0.0006715363506299415,-0.001212765957446793,0.7163226411335561,0.012295970302001136,-0.016917540087856064
BTCUSDT,2026-03,0.0002,93,0.3333333333333333,-0.0008715363506299419,-0.0014127659574467931,0.6510586474578812,0.012095970302001135,-0.017117540087856063
BTCUSDT,2026-03,0.0004,93,0.3225806451612903,-0.0010715363506299414,-0.001612765957446793,0.5927874609220525,0.011895970302001136,-0.017317540087856065
BTCUSDT,2026-03,0.0006,93,0.3225806451612903,-0.0012715363506299415,-0.0018127659574467929,0.5404435152084841,0.011695970302001136,-0.017517540087856064
BTCUSDT,2026-03,0.0008,93,0.3225806451612903,-0.0014715363506299414,-0.002012765957446793,0.49298646003870694,0.011495970302001135,-0.017717540087856063
BTCUSDT,2026-03,0.001,93,0.3118279569892473,-0.0016715363506299421,-0.002212765957446793,0.4500179480934013,0.011295970302001135,-0.017917540087856065
BTCUSDT,2026-04,0.0,69,0.43478260869565216,-0.00010089733697306857,-0.0004126960306144456,0.9282269009374569,0.01019403957771714,-0.01034762535264333
BTCUSDT,2026-04,0.0002,69,0.391304347826087,-0.00030089733697306854,-0.0006126960306144456,0.8024310456643329,0.00999403957771714,-0.010547625352643331
BTCUSDT,2026-04,0.0004,69,0.37681159420289856,-0.0005008973369730685,-0.0008126960306144456,0.6958541292943813,0.00979403957771714,-0.01074762535264333
BTCUSDT,2026-04,0.0006,69,0.34782608695652173,-0.0007008973369730686,-0.0010126960306144454,0.6050359614679991,0.00959403957771714,-0.01094762535264333
BTCUSDT,2026-04,0.0008,69,0.34782608695652173,-0.0009008973369730688,-0.0012126960306144455,0.5270929724610242,0.00939403957771714,-0.01114762535264333
BTCUSDT,2026-04,0.001,69,0.30434782608695654,-0.0011008973369730688,-0.0014126960306144456,0.4607284334265752,0.009194039577717139,-0.011347625352643331
BTCUSDT,2026-05,0.0,97,0.4020618556701031,-0.00037579522613563377,-0.0008512871801633626,0.7785240054450342,0.014998593644285796,-0.011528011737216848
BTCUSDT,2026-05,0.0002,97,0.38144329896907214,-0.0005757952261356336,-0.0010512871801633627,0.6830985156632507,0.014798593644285795,-0.011728011737216848
BTCUSDT,2026-05,0.0004,97,0.35051546391752575,-0.0007757952261356338,-0.0012512871801633625,0.600842231591489,0.014598593644285797,-0.011928011737216847
BTCUSDT,2026-05,0.0006,97,0.35051546391752575,-0.0009757952261356337,-0.0014512871801633624,0.5293919013097187,0.014398593644285796,-0.012128011737216848
BTCUSDT,2026-05,0.0008,97,0.31958762886597936,-0.001175795226135634,-0.0016512871801633625,0.4667599323704336,0.014198593644285796,-0.012328011737216848
BTCUSDT,2026-05,0.001,97,0.29896907216494845,-0.001375795226135634,-0.0018512871801633626,0.41285360277526484,0.013998593644285795,-0.012528011737216849
BTCUSDT,2026-06,0.0,109,0.46788990825688076,0.0001755210086240669,-0.00016562830460309375,1.0876809348519352,0.015414148685598095,-0.019989606674453264
BTCUSDT,2026-06,0.0002,109,0.44954128440366975,-2.4478991375932933e-05,-0.00036562830460309373,0.9883931705965397,0.015214148685598094,-0.020189606674453263
BTCUSDT,2026-06,0.0004,109,0.42201834862385323,-0.00022447899137593324,-0.0005656283046030937,0.8989634737182672,0.015014148685598095,-0.020389606674453265
BTCUSDT,2026-06,0.0006,109,0.3944954128440367,-0.0004244789913759331,-0.0007656283046030937,0.8186017544475742,0.014814148685598095,-0.020589606674453264
BTCUSDT,2026-06,0.0008,109,0.3853211009174312,-0.0006244789913759331,-0.0009656283046030938,0.746405640876677,0.014614148685598094,-0.020789606674453263
BTCUSDT,2026-06,0.001,109,0.3761467889908257,-0.0008244789913759337,-0.0011656283046030938,0.6813022680541526,0.014414148685598094,-0.020989606674453265
BTCUSDT,2026-07,0.0,71,0.43661971830985913,-0.0005846228993031369,-0.0005715146536047211,0.7212517273471198,0.012237993792437729,-0.01674167841092955
BTCUSDT,2026-07,0.0002,71,0.4084507042253521,-0.0007846228993031369,-0.0007715146536047211,0.6452956591698841,0.012037993792437729,-0.01694167841092955
BTCUSDT,2026-07,0.0004,71,0.4084507042253521,-0.0009846228993031368,-0.0009715146536047211,0.5774798928802835,0.01183799379243773,-0.01714167841092955
BTCUSDT,2026-07,0.0006,71,0.38028169014084506,-0.0011846228993031371,-0.001171514653604721,0.5166794089074993,0.01163799379243773,-0.01734167841092955
BTCUSDT,2026-07,0.0008,71,0.352112676056338,-0.0013846228993031366,-0.001371514653604721,0.4625875619734047,0.011437993792437729,-0.01754167841092955
BTCUSDT,2026-07,0.001,71,0.352112676056338,-0.001584622899303137,-0.0015715146536047211,0.41441256497235973,0.011237993792437728,-0.01774167841092955
ETHUSDT,2026-02,0.0,101,0.43564356435643564,-0.0005304676567492659,-0.0013582128061455645,0.879035902193742,0.042772473011966516,-0.07645478298583575
ETHUSDT,2026-02,0.0002,101,0.4158415841584158,-0.0007304676567492661,-0.0015582128061455646,0.837718530195661,0.04257247301196652,-0.07665478298583575
ETHUSDT,2026-02,0.0004,101,0.4158415841584158,-0.0009304676567492662,-0.0017582128061455645,0.7985159278578068,0.04237247301196652,-0.07685478298583574
ETHUSDT,2026-02,0.0006,101,0.4158415841584158,-0.0011304676567492654,-0.0019582128061455643,0.7612479403462237,0.04217247301196651,-0.07705478298583575
ETHUSDT,2026-02,0.0008,101,0.39603960396039606,-0.0013304676567492658,-0.0021582128061455644,0.7259125292034253,0.041972473011966514,-0.07725478298583574
ETHUSDT,2026-02,0.001,101,0.39603960396039606,-0.0015304676567492667,-0.0023582128061455645,0.6923660733151009,0.041772473011966516,-0.07745478298583575
ETHUSDT,2026-03,0.0,91,0.42857142857142855,0.0005277014108466205,-0.00075857681201974,1.2098308609628423,0.043706310703209406,-0.02400042555660875
ETHUSDT,2026-03,0.0002,91,0.4175824175824176,0.000327701410846621,-0.00095857681201974,1.1246264282851866,0.04350631070320941,-0.02420042555660875
ETHUSDT,2026-03,0.0004,91,0.4175824175824176,0.0001277014108466206,-0.00115857681201974,1.0465053127542043,0.04330631070320941,-0.024400425556608752
ETHUSDT,2026-03,0.0006,91,0.4065934065934066,-7.229858915337968e-05,-0.0013585768120197399,0.9747474220836193,0.0431063107032094,-0.02460042555660875
ETHUSDT,2026-03,0.0008,91,0.3956043956043956,-0.00027229858915337986,-0.00155857681201974,0.9087222653168668,0.042906310703209403,-0.02480042555660875
ETHUSDT,2026-03,0.001,91,0.3516483516483517,-0.00047229858915338017,-0.00175857681201974,0.8480758060554584,0.042706310703209405,-0.025000425556608752
ETHUSDT,2026-04,0.0,81,0.4691358024691358,7.665698811479237e-05,-0.0002465291293627381,1.0367543438934808,0.024260748050514147,-0.0267377141745474
ETHUSDT,2026-04,0.0002,81,0.43209876543209874,-0.00012334301188520751,-0.00044652912936273806,0.9438509996265347,0.02406074805051415,-0.0269377141745474
ETHUSDT,2026-04,0.0004,81,0.4074074074074074,-0.0003233430118852077,-0.000646529129362738,0.8601587574471872,0.023860748050514146,-0.0271377141745474
ETHUSDT,2026-04,0.0006,81,0.3950617283950617,-0.0005233430118852077,-0.000846529129362738,0.7848798733639785,0.023660748050514147,-0.0273377141745474
ETHUSDT,2026-04,0.0008,81,0.37037037037037035,-0.0007233430118852077,-0.001046529129362738,0.717000871075894,0.02346074805051415,-0.0275377141745474
ETHUSDT,2026-04,0.001,81,0.37037037037037035,-0.000923343011885208,-0.001246529129362738,0.6557151848751647,0.023260748050514146,-0.0277377141745474
ETHUSDT,2026-05,0.0,98,0.42857142857142855,0.00024125570243217057,-0.00047096806754293175,1.1278031709322258,0.017651875890934532,-0.015635349323183445
ETHUSDT,2026-05,0.0002,98,0.41836734693877553,4.125570243217068e-05,-0.0006709680675429317,1.020592483339712,0.017451875890934533,-0.015835349323183444
ETHUSDT,2026-05,0.0004,98,0.41836734693877553,-0.0001587442975678294,-0.0008709680675429317,0.9251121915397318,0.01725187589093453,-0.016035349323183446
ETHUSDT,2026-05,0.0006,98,0.40816326530612246,-0.00035874429756782935,-0.0010709680675429316,0.8396713020516477,0.017051875890934532,-0.016235349323183445
ETHUSDT,2026-05,0.0008,98,0.3979591836734694,-0.0005587442975678297,-0.0012709680675429317,0.7628476901907137,0.016851875890934533,-0.016435349323183444
ETHUSDT,2026-05,0.001,98,0.37755102040816324,-0.0007587442975678298,-0.0014709680675429318,0.6938243478573909,0.01665187589093453,-0.016635349323183446
ETHUSDT,2026-06,0.0,102,0.43137254901960786,0.0003032431227529395,-0.0008362379637671391,1.0871057085869107,0.031745086754909835,-0.03834581204954168
ETHUSDT,2026-06,0.0002,102,0.4215686274509804,0.00010324312275294003,-0.0010362379637671392,1.02871745282714,0.031545086754909836,-0.03854581204954168
ETHUSDT,2026-06,0.0004,102,0.4215686274509804,-9.675687724705998e-05,-0.001236237963767139,0.9739257519075248,0.03134508675490984,-0.03874581204954168
ETHUSDT,2026-06,0.0006,102,0.4117647058823529,-0.00029675687724706114,-0.001436237963767139,0.9224804167445383,0.031145086754909835,-0.038945812049541687
ETHUSDT,2026-06,0.0008,102,0.4019607843137255,-0.0004967568772470609,-0.001636237963767139,0.8741664327184635,0.030945086754909836,-0.039145812049541685
ETHUSDT,2026-06,0.001,102,0.39215686274509803,-0.0006967568772470612,-0.0018362379637671391,0.8287665527173753,0.030745086754909834,-0.039345812049541684
ETHUSDT,2026-07,0.0,81,0.30864197530864196,-0.0015746676511496473,-0.0019174622004285435,0.44181773605451996,0.019385970011997378,-0.012856130031772661
ETHUSDT,2026-07,0.0002,81,0.30864197530864196,-0.0017746676511496472,-0.0021174622004285436,0.40031542719527974,0.01918597001199738,-0.013056130031772662
ETHUSDT,2026-07,0.0004,81,0.30864197530864196,-0.0019746676511496475,-0.0023174622004285437,0.36251829543525144,0.018985970011997377,-0.01325613003177266
ETHUSDT,2026-07,0.0006,81,0.2716049382716049,-0.002174667651149647,-0.0025174622004285434,0.3288544688854089,0.018785970011997378,-0.013456130031772661
ETHUSDT,2026-07,0.0008,81,0.24691358024691357,-0.0023746676511496472,-0.0027174622004285435,0.2992010190724859,0.01858597001199738,-0.013656130031772662
ETHUSDT,2026-07,0.001,81,0.2345679012345679,-0.002574667651149648,-0.0029174622004285436,0.272688150911475,0.018385970011997377,-0.013856130031772662
BNBUSDT,2026-02,0.0,101,0.4752475247524752,0.0004941462491389763,-0.0004301966157865822,1.1801669244021258,0.04002933551644139,-0.06291523896851825
BNBUSDT,2026-02,0.0002,101,0.4752475247524752,0.0002941462491389764,-0.0006301966157865822,1.1032938764810976,0.03982933551644139,-0.06311523896851826
BNBUSDT,2026-02,0.0004,101,0.46534653465346537,9.414624913897656e-05,-0.0008301966157865822,1.0318847385038896,0.03962933551644139,-0.06331523896851825
BNBUSDT,2026-02,0.0006,101,0.44554455445544555,-0.00010585375086102389,-0.001030196615786582,0.9654136028532472,0.039429335516441386,-0.06351523896851825
BNBUSDT,2026-02,0.0008,101,0.44554455445544555,-0.0003058537508610239,-0.0012301966157865821,0.90356031918372,0.03922933551644139,-0.06371523896851825
BNBUSDT,2026-02,0.001,101,0.43564356435643564,-0.0005058537508610245,-0.0014301966157865822,0.8459520507724847,0.03902933551644139,-0.06391523896851825
BNBUSDT,2026-03,0.0,82,0.3902439024390244,-0.000521303389133644,-0.0007490688673246204,0.7156993761530004,0.01130466716696743,-0.01419875185917785
BNBUSDT,2026-03,0.0002,82,0.36585365853658536,-0.0007213033891336439,-0.0009490688673246204,0.6313758215251628,0.01110466716696743,-0.01439875185917785
BNBUSDT,2026-03,0.0004,82,0.36585365853658536,-0.0009213033891336442,-0.0011490688673246204,0.5578254359040152,0.010904667166967431,-0.014598751859177849
BNBUSDT,2026-03,0.0006,82,0.32926829268292684,-0.001121303389133644,-0.0013490688673246203,0.4934877856234806,0.01070466716696743,-0.01479875185917785
BNBUSDT,2026-03,0.0008,82,0.3170731707317073,-0.001321303389133644,-0.0015490688673246203,0.43781695148980715,0.01050466716696743,-0.01499875185917785
BNBUSDT,2026-03,0.001,82,0.2926829268292683,-0.0015213033891336443,-0.0017490688673246204,0.38874537411343835,0.01030466716696743,-0.01519875185917785
BNBUSDT,2026-04,0.0,78,0.47435897435897434,0.00012231994504471806,-0.00011509257102931825,1.0842212263569408,0.011820537965816724,-0.010608294340106461
BNBUSDT,2026-04,0.0002,78,0.4358974358974359,-7.768005495528204e-05,-0.00031509257102931823,0.9502129280457303,0.011620537965816724,-0.010808294340106462
BNBUSDT,2026-04,0.0004,78,0.41025641025641024,-0.0002776800549552821,-0.0005150925710293182,0.8342789056944435,0.011420537965816725,-0.01100829434010646
BNBUSDT,2026-04,0.0006,78,0.3974358974358974,-0.00047768005495528205,-0.0007150925710293182,0.7337493938559388,0.011220537965816724,-0.011208294340106461
BNBUSDT,2026-04,0.0008,78,0.3717948717948718,-0.0006776800549552822,-0.0009150925710293183,0.6466372598023272,0.011020537965816724,-0.011408294340106461
BNBUSDT,2026-04,0.001,78,0.358974358974359,-0.0008776800549552823,-0.0011150925710293183,0.5708117980016975,0.010820537965816723,-0.011608294340106462
BNBUSDT,2026-05,0.0,84,0.3333333333333333,-0.0005447115623822261,-0.0010748899208615215,0.7167113275954671,0.013056653100026683,-0.009719680889994864
BNBUSDT,2026-05,0.0002,84,0.30952380952380953,-0.0007447115623822264,-0.0012748899208615216,0.6383269683251787,0.012856653100026682,-0.009919680889994864
BNBUSDT,2026-05,0.0004,84,0.30952380952380953,-0.000944711562382226,-0.0014748899208615214,0.5700324241457386,0.012656653100026683,-0.010119680889994863
BNBUSDT,2026-05,0.0006,84,0.2619047619047619,-0.0011447115623822262,-0.0016748899208615213,0.511072776192854,0.012456653100026683,-0.010319680889994864
BNBUSDT,2026-05,0.0008,84,0.25,-0.0013447115623822258,-0.0018748899208615214,0.4600377578872232,0.012256653100026682,-0.010519680889994864
BNBUSDT,2026-05,0.001,84,0.2261904761904762,-0.0015447115623822266,-0.0020748899208615215,0.41528318446312124,0.012056653100026682,-0.010719680889994865
BNBUSDT,2026-06,0.0,95,0.45263157894736844,0.00010015314603121041,-0.0005010916639821561,1.0456764198230661,0.014211288880668471,-0.016814908936891082
BNBUSDT,2026-06,0.0002,95,0.4105263157894737,-9.984685396878953e-05,-0.0007010916639821561,0.9566726107533303,0.01401128888066847,-0.01701490893689108
BNBUSDT,2026-06,0.0004,95,0.4105263157894737,-0.00029984685396878955,-0.0009010916639821561,0.8762175158413621,0.013811288880668472,-0.017214908936891083
BNBUSDT,2026-06,0.0006,95,0.3894736842105263,-0.0004998468539687896,-0.001101091663982156,0.8033796625712375,0.013611288880668471,-0.017414908936891082
BNBUSDT,2026-06,0.0008,95,0.37894736842105264,-0.0006998468539687893,-0.001301091663982156,0.7374272267918628,0.01341128888066847,-0.01761490893689108
BNBUSDT,2026-06,0.001,95,0.3473684210526316,-0.0008998468539687901,-0.0015010916639821561,0.6777351639459304,0.01321128888066847,-0.017814908936891083
BNBUSDT,2026-07,0.0,77,0.4155844155844156,-8.688870791547369e-05,-0.00020952647017735693,0.9397548104686966,0.012717253073336154,-0.008505276421483687
BNBUSDT,2026-07,0.0002,77,0.4155844155844156,-0.0002868887079154737,-0.0004095264701773569,0.8159948946337228,0.012517253073336154,-0.008705276421483688
BNBUSDT,2026-07,0.0004,77,0.35064935064935066,-0.0004868887079154738,-0.0006095264701773569,0.710353101905669,0.012317253073336155,-0.008905276421483687
BNBUSDT,2026-07,0.0006,77,0.3246753246753247,-0.0006868887079154737,-0.0008095264701773569,0.621332222624079,0.012117253073336155,-0.009105276421483687
BNBUSDT,2026-07,0.0008,77,0.2987012987012987,-0.0008868887079154737,-0.0010095264701773569,0.545731763825784,0.011917253073336154,-0.009305276421483688
BNBUSDT,2026-07,0.001,77,0.2857142857142857,-0.001086888707915474,-0.001209526470177357,0.48119058633735684,0.011717253073336154,-0.009505276421483688
SOLUSDT,2026-02,0.0,74,0.5405405405405406,0.00032900886217644584,0.0007215156004029,1.0694636792826393,0.04429892141756553,-0.08051779935275083
SOLUSDT,2026-02,0.0002,74,0.5405405405405406,0.00012900886217644567,0.0005215156004029,1.026719271570878,0.04409892141756553,-0.08071779935275084
SOLUSDT,2026-02,0.0004,74,0.527027027027027,-7.099113782355285e-05,0.00032151560040289995,0.9855730695441419,0.04389892141756553,-0.08091779935275083
SOLUSDT,2026-02,0.0006,74,0.5135135135135135,-0.0002709911378235554,0.00012151560040290002,0.9459856590102442,0.043698921417565526,-0.08111779935275083
SOLUSDT,2026-02,0.0008,74,0.4864864864864865,-0.00047099113782355447,-7.848439959710007e-05,0.9079455459759672,0.04349892141756553,-0.08131779935275082
SOLUSDT,2026-02,0.001,74,0.4864864864864865,-0.000670991137823555,-0.00027848439959710005,0.8714365346384437,0.04329892141756553,-0.08151779935275083
SOLUSDT,2026-03,0.0,90,0.4,-0.00043065936137489167,-0.0017635511467883336,0.8550116064580681,0.01810515873015861,-0.02658300057045082
SOLUSDT,2026-03,0.0002,90,0.37777777777777777,-0.0006306593613748916,-0.0019635511467883337,0.7960465895977324,0.01790515873015861,-0.02678300057045082
SOLUSDT,2026-03,0.0004,90,0.37777777777777777,-0.0008306593613748917,-0.0021635511467883338,0.7417600295992715,0.01770515873015861,-0.026983000570450822
SOLUSDT,2026-03,0.0006,90,0.36666666666666664,-0.0010306593613748913,-0.0023635511467883334,0.6916310173313547,0.01750515873015861,-0.02718300057045082
SOLUSDT,2026-03,0.0008,90,0.36666666666666664,-0.0012306593613748916,-0.0025635511467883335,0.64523671932618,0.01730515873015861,-0.02738300057045082
SOLUSDT,2026-03,0.001,90,0.34444444444444444,-0.0014306593613748922,-0.0027635511467883336,0.6025810753129603,0.01710515873015861,-0.027583000570450822
SOLUSDT,2026-04,0.0,73,0.4657534246575342,0.0005124138784080122,-0.0002396644697423289,1.2841174519523122,0.027724786976980775,-0.020226936359151515
SOLUSDT,2026-04,0.0002,73,0.4246575342465753,0.00031241387840801244,-0.0004396644697423289,1.1632356645703308,0.027524786976980777,-0.020426936359151514
SOLUSDT,2026-04,0.0004,73,0.3698630136986301,0.00011241387840801204,-0.0006396644697423289,1.0552923847609268,0.027324786976980774,-0.020626936359151516
SOLUSDT,2026-04,0.0006,73,0.3698630136986301,-8.758612159198762e-05,-0.0008396644697423289,0.959434118605835,0.027124786976980775,-0.020826936359151515
SOLUSDT,2026-04,0.0008,73,0.3698630136986301,-0.0002875861215919878,-0.0010396644697423288,0.8741492018216254,0.026924786976980777,-0.021026936359151514
SOLUSDT,2026-04,0.001,73,0.3424657534246575,-0.0004875861215919883,-0.001239664469742329,0.7981867819129721,0.026724786976980774,-0.021226936359151516
SOLUSDT,2026-05,0.0,92,0.45652173913043476,0.0001217660110270961,-0.0005959885802067078,1.0584631997309901,0.022365382277865553,-0.018250471994965434
SOLUSDT,2026-05,0.0002,92,0.44565217391304346,-7.823398897290365e-05,-0.0007959885802067077,0.9643156335283461,0.022165382277865554,-0.018450471994965432
SOLUSDT,2026-05,0.0004,92,0.43478260869565216,-0.00027823398897290413,-0.0009959885802067077,0.879308582008327,0.021965382277865552,-0.018650471994965435
SOLUSDT,2026-05,0.0006,92,0.40217391304347827,-0.00047823398897290373,-0.0011959885802067076,0.8024022318585253,0.021765382277865553,-0.018850471994965434
SOLUSDT,2026-05,0.0008,92,0.391304347826087,-0.000678233988972904,-0.0013959885802067077,0.7331723390487627,0.021565382277865554,-0.019050471994965432
SOLUSDT,2026-05,0.001,92,0.34782608695652173,-0.0008782339889729042,-0.0015959885802067078,0.6709520166039923,0.021365382277865552,-0.019250471994965435
SOLUSDT,2026-06,0.0,97,0.5154639175257731,-5.4634132549766836e-05,0.0004496402877698369,0.9852422014981841,0.03537774838816343,-0.032776934749620734
SOLUSDT,2026-06,0.0002,97,0.5051546391752577,-0.00025463413254976636,0.0002496402877698369,0.9329867084804424,0.035177748388163434,-0.03297693474962073
SOLUSDT,2026-06,0.0004,97,0.5051546391752577,-0.00045463413254976634,4.964028776983687e-05,0.8833890141353831,0.034977748388163435,-0.03317693474962073
SOLUSDT,2026-06,0.0006,97,0.4845360824742268,-0.0006546341325497672,-0.00015035971223016306,0.8363514904910408,0.03477774838816343,-0.03337693474962074
SOLUSDT,2026-06,0.0008,97,0.4845360824742268,-0.0008546341325497674,-0.00035035971223016315,0.7917222083971213,0.03457774838816343,-0.033576934749620736
SOLUSDT,2026-06,0.001,97,0.4742268041237113,-0.0010546341325497676,-0.0005503597122301631,0.7493556324421696,0.03437774838816343,-0.033776934749620735
SOLUSDT,2026-07,0.0,80,0.3625,-0.0012843372812366028,-0.001133055529391802,0.49536452518995394,0.016343595591029825,-0.01306655777868504
SOLUSDT,2026-07,0.0002,80,0.35,-0.0014843372812366027,-0.0013330555293918022,0.44478036940315974,0.016143595591029826,-0.01326655777868504
SOLUSDT,2026-07,0.0004,80,0.3125,-0.0016843372812366027,-0.001533055529391802,0.399937257236211,0.015943595591029824,-0.013466557778685039
SOLUSDT,2026-07,0.0006,80,0.275,-0.0018843372812366026,-0.001733055529391802,0.36086171433849534,0.015743595591029825,-0.01366655777868504
SOLUSDT,2026-07,0.0008,80,0.25,-0.002084337281236603,-0.001933055529391802,0.32685233808299374,0.015543595591029824,-0.01386655777868504
SOLUSDT,2026-07,0.001,80,0.25,-0.0022843372812366034,-0.002133055529391802,0.29634848117346535,0.015343595591029824,-0.01406655777868504
