hypothesis,horizon_bars,minutes,symbol,cost,samples,mean_return,median_return,trimmed_mean_5,winsorized_mean_5,win_rate,profit_factor,q10,q90
POS_CONTINUATION_LONG,1,5,BNBUSDT,0.0,3009,-1.0201234587833923e-06,6.488661064785184e-05,4.3719630223119825e-05,5.172733711594715e-05,0.5124626121635095,0.9991100748102768,-0.0033562824324901764,0.0034888664420454265
POS_CONTINUATION_LONG,1,5,BNBUSDT,0.0004,3009,-0.0004010201234587834,-0.0003351133893521482,-0.00035628036977688023,-0.00034827266288405294,0.42904619474908606,0.7045058121601467,-0.0037562824324901766,0.0030888664420454263
POS_CONTINUATION_LONG,1,5,BNBUSDT,0.0006,3009,-0.0006010201234587833,-0.0005351133893521481,-0.0005562803697768802,-0.0005482726628840527,0.38783649052841473,0.5926776433236394,-0.003956282432490176,0.0028888664420454267
POS_CONTINUATION_LONG,1,5,BTCUSDT,0.0,3010,2.3539241878163084e-05,4.540085184268072e-05,1.827212776972009e-05,1.0737408699996488e-05,0.5129568106312292,1.0238713251785088,-0.0029933231472756617,0.003007561216853482
POS_CONTINUATION_LONG,1,5,BTCUSDT,0.0004,3010,-0.00037646075812183697,-0.0003545991481573193,-0.00038172787223028,-0.00038926259130000367,0.413953488372093,0.6866999389299517,-0.003393323147275662,0.0026075612168534818
POS_CONTINUATION_LONG,1,5,BTCUSDT,0.0006,3010,-0.0005764607581218368,-0.0005545991481573192,-0.0005817278722302798,-0.0005892625913000034,0.37209302325581395,0.5642903013486027,-0.0035933231472756615,0.002407561216853482
POS_CONTINUATION_LONG,1,5,ETHUSDT,0.0,2968,-4.996732156378309e-05,-0.00024312602484738433,-0.00014964098164524657,-9.075876938130643e-05,0.4642857142857143,0.965551381296683,-0.004048199486838044,0.004236150953391783
POS_CONTINUATION_LONG,1,5,ETHUSDT,0.0004,2968,-0.00044996732156378315,-0.0006431260248473843,-0.0005496409816452465,-0.0004907587693813066,0.4026280323450135,0.7316288078098474,-0.004448199486838045,0.003836150953391783
POS_CONTINUATION_LONG,1,5,ETHUSDT,0.0006,2968,-0.000649967321563783,-0.0008431260248473843,-0.0007496409816452466,-0.0006907587693813061,0.37634770889487873,0.6386725958758035,-0.004648199486838044,0.0036361509533917834
POS_CONTINUATION_LONG,1,5,SOLUSDT,0.0,3033,4.2818956539729615e-05,-0.00025423728813556146,-3.858614251678077e-05,5.170883368231856e-06,0.4652159577975602,1.0249264442776618,-0.004792110882497847,0.005266748871878636
POS_CONTINUATION_LONG,1,5,SOLUSDT,0.0004,3033,-0.00035718104346027047,-0.0006542372881355614,-0.0004385861425167808,-0.00039482911663176823,0.4210352786020442,0.8159255534613252,-0.005192110882497847,0.004866748871878636
POS_CONTINUATION_LONG,1,5,SOLUSDT,0.0006,3033,-0.0005571810434602702,-0.0008542372881355614,-0.0006385861425167814,-0.000594829116631768,0.3969666996373228,0.7293445681637017,-0.005392110882497847,0.004666748871878636
POS_CONTINUATION_LONG,3,15,BNBUSDT,0.0,3009,0.00015735333607822145,1.685857342748065e-05,0.00010587331314803751,0.0001424677714192849,0.5024925224327019,1.0911185834392079,-0.005198728507127348,0.005894026624000676
POS_CONTINUATION_LONG,3,15,BNBUSDT,0.0004,3009,-0.00024264666392177862,-0.00038314142657251937,-0.0002941266868519624,-0.0002575322285807151,0.4476570289132602,0.8746716178634453,-0.005598728507127348,0.005494026624000676
POS_CONTINUATION_LONG,3,15,BNBUSDT,0.0006,3009,-0.00044264666392177855,-0.0005831414265725193,-0.0004941266868519627,-0.0004575322285807149,0.422399468261881,0.7840090029224328,-0.0057987285071273474,0.005294026624000676
POS_CONTINUATION_LONG,3,15,BTCUSDT,0.0,3010,0.0001555809681775721,0.000205402420640044,0.00013820610775058337,0.0001374151826118686,0.5289036544850498,1.103289270883171,-0.004460850322833842,0.004778267721978579
POS_CONTINUATION_LONG,3,15,BTCUSDT,0.0004,3010,-0.000244419031822428,-0.00019459757935995603,-0.0002617938922494167,-0.0002625848173881315,0.47375415282392025,0.8567164394992127,-0.004860850322833842,0.004378267721978578
POS_CONTINUATION_LONG,3,15,BTCUSDT,0.0006,3010,-0.0004444190318224278,-0.00039459757935995596,-0.0004617938922494171,-0.00046258481738813123,0.4415282392026578,0.7550499225532129,-0.005060850322833842,0.004178267721978579
POS_CONTINUATION_LONG,3,15,ETHUSDT,0.0,2968,-0.00012652666893895836,-0.00042917174675760617,-0.00021313699261869481,-0.00011956955866350807,0.45451482479784366,0.9456733314990596,-0.00661981778086691,0.0068666394070625815
POS_CONTINUATION_LONG,3,15,ETHUSDT,0.0004,2968,-0.0005265266689389584,-0.0008291717467576061,-0.0006131369926186948,-0.0005195695586635081,0.4191374663072776,0.7937925514087644,-0.0070198177808669104,0.006466639407062581
POS_CONTINUATION_LONG,3,15,ETHUSDT,0.0006,2968,-0.0007265266689389583,-0.001029171746757606,-0.0008131369926186954,-0.0007195695586635079,0.40161725067385445,0.7280428648337932,-0.00721981778086691,0.006266639407062582
POS_CONTINUATION_LONG,3,15,SOLUSDT,0.0,3033,7.727082136368323e-05,-0.0003234361860405821,-8.338727887920237e-05,2.335335706266427e-05,0.47049126277612924,1.0283183154085078,-0.007899663048911298,0.008658980508368021
POS_CONTINUATION_LONG,3,15,SOLUSDT,0.0004,3033,-0.0003227291786363167,-0.0007234361860405821,-0.00048338727887920223,-0.00037664664293733565,0.43982855258819653,0.8904488099589677,-0.008299663048911297,0.008258980508368022
POS_CONTINUATION_LONG,3,15,SOLUSDT,0.0006,3033,-0.0005227291786363168,-0.0009234361860405821,-0.0006833872788792031,-0.0005766466429373355,0.4269699967029344,0.8291333148504291,-0.008499663048911298,0.008058980508368022
POS_CONTINUATION_LONG,6,30,BNBUSDT,0.0,3009,0.00023561387670494827,-3.14450576230918e-05,0.0001752216740715264,0.00024324809366442916,0.49750747756729813,1.104196143734725,-0.006838896582737686,0.007708727689404028
POS_CONTINUATION_LONG,6,30,BNBUSDT,0.0004,3009,-0.00016438612329505175,-0.0004314450576230918,-0.00022477832592847382,-0.00015675190633557083,0.4639415088069126,0.933419008268166,-0.007238896582737686,0.007308727689404028
POS_CONTINUATION_LONG,6,30,BNBUSDT,0.0006,3009,-0.00036438612329505176,-0.0006314450576230917,-0.0004247783259284746,-0.0003567519063355706,0.44732469258889995,0.8586422934738438,-0.007438896582737686,0.007108727689404028
POS_CONTINUATION_LONG,6,30,BTCUSDT,0.0,3010,0.0002550705272908926,0.00020179172725143246,0.00023421793875362423,0.0002188470404205497,0.5235880398671097,1.1259754254726038,-0.0062024195483181156,0.00632848090674174
POS_CONTINUATION_LONG,6,30,BTCUSDT,0.0004,3010,-0.0001449294727091074,-0.00019820827274856756,-0.00016578206124637611,-0.00018115295957945026,0.4820598006644518,0.934845616715386,-0.006602419548318116,0.00592848090674174
POS_CONTINUATION_LONG,6,30,BTCUSDT,0.0006,3010,-0.0003449294727091074,-0.0003982082727485675,-0.0003657820612463769,-0.0003811529595794501,0.46312292358803986,0.8519597928235852,-0.006802419548318115,0.00572848090674174
POS_CONTINUATION_LONG,6,30,ETHUSDT,0.0,2968,-3.343054322804893e-05,-0.00047790754897997223,-0.0002217042632649872,-8.356451125054781e-05,0.4642857142857143,0.9890171503941922,-0.008861205481000712,0.009113151754595558
POS_CONTINUATION_LONG,6,30,ETHUSDT,0.0004,2968,-0.00043343054322804886,-0.0008779075489799722,-0.0006217042632649867,-0.0004835645112505477,0.43766846361185985,0.8671793156667544,-0.009261205481000711,0.008713151754595558
POS_CONTINUATION_LONG,6,30,ETHUSDT,0.0006,2968,-0.0006334305432280491,-0.001077907548979972,-0.0008217042632649876,-0.0006835645112505477,0.42351752021563344,0.8124285463266446,-0.009461205481000712,0.008513151754595558
POS_CONTINUATION_LONG,6,30,SOLUSDT,0.0,3033,0.00046442290909726555,-0.0001554122309426198,0.00014763189552685675,0.00030086375446959515,0.4879657105176393,1.1348226964065102,-0.010182603011150237,0.01179223376443859
POS_CONTINUATION_LONG,6,30,SOLUSDT,0.0004,3033,6.442290909726584e-05,-0.0005554122309426198,-0.0002523681044731431,-9.91362455304047e-05,0.4619188921859545,1.0176265900739734,-0.010582603011150236,0.01139223376443859
POS_CONTINUATION_LONG,6,30,SOLUSDT,0.0006,3033,-0.0001355770909027348,-0.0007554122309426197,-0.000452368104473144,-0.00029913624553040496,0.45103857566765576,0.963975294270068,-0.010782603011150237,0.01119223376443859
POS_CONTINUATION_LONG,12,60,BNBUSDT,0.0,3009,0.00031844949321999783,0.000223226742563698,0.00028643728365327167,0.0003155625787697479,0.5154536390827518,1.108591433028467,-0.00899008873156759,0.009946880420706088
POS_CONTINUATION_LONG,12,60,BNBUSDT,0.0004,3009,-8.155050678000201e-05,-0.000176773257436302,-0.00011356271634672819,-8.443742123025202e-05,0.48886673313393153,0.9739593544177719,-0.009390088731567589,0.009546880420706089
POS_CONTINUATION_LONG,12,60,BNBUSDT,0.0006,3009,-0.0002815505067800024,-0.00037677325743630194,-0.00031356271634672893,-0.00028443742123025214,0.4739115985377202,0.9129700471086395,-0.00959008873156759,0.009346880420706088
POS_CONTINUATION_LONG,12,60,BTCUSDT,0.0,3010,0.00032098354484190504,0.00033553595200941366,0.0002778265233098889,0.0002756171481496115,0.53156146179402,1.1193439540351688,-0.008601113347161082,0.008678205945399116
POS_CONTINUATION_LONG,12,60,BTCUSDT,0.0004,3010,-7.90164551580949e-05,-6.446404799058636e-05,-0.00012217347669011032,-0.0001243828518503884,0.49401993355481727,0.9726052741454818,-0.009001113347161081,0.008278205945399117
POS_CONTINUATION_LONG,12,60,BTCUSDT,0.0006,3010,-0.00027901645515809507,-0.0002644640479905863,-0.00032217347669011125,-0.0003243828518503883,0.4760797342192691,0.9065994635677286,-0.009201113347161081,0.008078205945399116
POS_CONTINUATION_LONG,12,60,ETHUSDT,0.0,2968,-0.00010774680498222844,-0.0007447421881858762,-0.0002840680510179699,-0.00014937433269671978,0.45923180592991913,0.9726813399476176,-0.011063497464535155,0.01239960399185177
POS_CONTINUATION_LONG,12,60,ETHUSDT,0.0004,2968,-0.0005077468049822282,-0.0011447421881858762,-0.0006840680510179697,-0.0005493743326967197,0.4336253369272237,0.8781186412960016,-0.011463497464535155,0.01199960399185177
POS_CONTINUATION_LONG,12,60,ETHUSDT,0.0006,2968,-0.0007077468049822288,-0.001344742188185876,-0.000884068051017971,-0.00074937433269672,0.42587601078167114,0.8346365747608547,-0.011663497464535155,0.01179960399185177
POS_CONTINUATION_LONG,12,60,SOLUSDT,0.0,3033,0.0006175199067217447,-0.0002825999192571649,0.00023161910668431968,0.0004206138273780475,0.48532805802835477,1.1316627605773937,-0.013405775726010382,0.016284908840286952
POS_CONTINUATION_LONG,12,60,SOLUSDT,0.0004,3033,0.00021751990672174505,-0.0006825999192571648,-0.00016838089331568147,2.061382737804773e-05,0.4671941971645236,1.044398297312008,-0.013805775726010381,0.01588490884028695
POS_CONTINUATION_LONG,12,60,SOLUSDT,0.0006,3033,1.751990672174436e-05,-0.0008825999192571648,-0.00036838089331568045,-0.00017938617262195264,0.45961094625783055,1.0034992894906214,-0.014005775726010382,0.015684908840286952
POS_REVERSION_SHORT,1,5,BNBUSDT,0.0,3009,1.0201234587833923e-06,-6.488661064785184e-05,-4.371963022311999e-05,-5.172733711594725e-05,0.48255234297108673,1.0008907178619855,-0.003488866442045424,0.0033562824324901773
POS_REVERSION_SHORT,1,5,BNBUSDT,0.0004,3009,-0.00039897987654121666,-0.00046488661064785186,-0.00044371963022312,-0.0004517273371159473,0.4140910601528747,0.7079856733526739,-0.003888866442045424,0.002956282432490177
POS_REVERSION_SHORT,1,5,BNBUSDT,0.0006,3009,-0.0005989798765412165,-0.0006648866106478518,-0.0006437196302231198,-0.0006517273371159471,0.37753406447324694,0.5971836694227173,-0.004088866442045424,0.0027562824324901774
POS_REVERSION_SHORT,1,5,BTCUSDT,0.0,3010,-2.3539241878163084e-05,-4.540085184268072e-05,-1.827212776972009e-05,-1.0737408699996525e-05,0.4867109634551495,0.9766852292944653,-0.0030075612168534824,0.0029933231472756617
POS_REVERSION_SHORT,1,5,BTCUSDT,0.0004,3010,-0.0004235392418781632,-0.00044540085184268074,-0.00041827212776972,-0.00041073740869999664,0.39800664451827245,0.6566861790286682,-0.0034075612168534826,0.0025933231472756615
POS_REVERSION_SHORT,1,5,BTCUSDT,0.0006,3010,-0.0006235392418781629,-0.0006454008518426807,-0.00061827212776972,-0.0006107374086999963,0.3624584717607973,0.5405567679437913,-0.0036075612168534822,0.002393323147275662
POS_REVERSION_SHORT,1,5,ETHUSDT,0.0,2968,4.996732156378309e-05,0.00024312602484738433,0.00014964098164524657,9.075876938130701e-05,0.5357142857142857,1.0356776649804533,-0.0042361509533917815,0.004048199486838047
POS_REVERSION_SHORT,1,5,ETHUSDT,0.0004,2968,-0.00035003267843621694,-0.0001568739751526157,-0.00025035901835475356,-0.0003092412306186931,0.47877358490566035,0.7808318791901162,-0.004636150953391782,0.0036481994868380464
POS_REVERSION_SHORT,1,5,ETHUSDT,0.0006,2968,-0.0005500326784362168,-0.0003568739751526156,-0.0004503590183547535,-0.0005092412306186928,0.45148247978436656,0.6771717769396935,-0.004836150953391781,0.0034481994868380468
POS_REVERSION_SHORT,1,5,SOLUSDT,0.0,3033,-4.2818956539729615e-05,0.00025423728813556146,3.85861425167811e-05,-5.170883368231856e-06,0.5265413781734256,0.9756797725175008,-0.005266748871878635,0.00479211088249785
POS_REVERSION_SHORT,1,5,SOLUSDT,0.0004,3033,-0.00044281895653972963,-0.00014576271186443856,-0.0003614138574832189,-0.0004051708833682319,0.4826904055390702,0.7738181877167724,-0.005666748871878635,0.004392110882497849
POS_REVERSION_SHORT,1,5,SOLUSDT,0.0006,3033,-0.0006428189565397296,-0.0003457627118644385,-0.0005614138574832192,-0.0006051708833682317,0.45532476096274316,0.6885075250165458,-0.005866748871878635,0.00419211088249785
POS_REVERSION_SHORT,3,15,BNBUSDT,0.0,3009,-0.00015735333607822145,-1.685857342748065e-05,-0.00010587331314803735,-0.00014246777141928524,0.4961781322698571,0.9164906685467662,-0.00589402662400067,0.00519872850712736
POS_REVERSION_SHORT,3,15,BNBUSDT,0.0004,3009,-0.0005573533360782215,-0.00041685857342748067,-0.0005058733131480373,-0.0005424677714192854,0.44466600199401796,0.7341627802489382,-0.00629402662400067,0.00479872850712736
POS_REVERSION_SHORT,3,15,BNBUSDT,0.0006,3009,-0.0007573533360782213,-0.0006168585734274806,-0.0007058733131480376,-0.0007424677714192851,0.4154204054503157,0.6574252538424773,-0.00649402662400067,0.00459872850712736
POS_REVERSION_SHORT,3,15,BTCUSDT,0.0,3010,-0.0001555809681775721,-0.000205402420640044,-0.00013820610775058304,-0.0001374151826118699,0.47109634551495017,0.9063806078704192,-0.0047782677219785795,0.004460850322833841
POS_REVERSION_SHORT,3,15,BTCUSDT,0.0004,3010,-0.0005555809681775721,-0.000605402420640044,-0.0005382061077505829,-0.00053741518261187,0.4182724252491694,0.7052385011781854,-0.00517826772197858,0.004060850322833841
POS_REVERSION_SHORT,3,15,BTCUSDT,0.0006,3010,-0.000755580968177572,-0.0008054024206400439,-0.0007382061077505831,-0.0007374151826118697,0.3920265780730897,0.6229348871738029,-0.005378267721978579,0.0038608503228338416
POS_REVERSION_SHORT,3,15,ETHUSDT,0.0,2968,0.00012652666893895836,0.00042917174675760617,0.00021313699261869517,0.0001195695586635087,0.5454851752021563,1.0574476055223245,-0.006866639407062581,0.006619817780866913
POS_REVERSION_SHORT,3,15,ETHUSDT,0.0004,2968,-0.00027347333106104163,2.9171746757606146e-05,-0.00018686300738130483,-0.00028043044133649136,0.5047169811320755,0.8856967213962814,-0.007266639407062581,0.006219817780866913
POS_REVERSION_SHORT,3,15,ETHUSDT,0.0006,2968,-0.00047347333106104156,-0.00017082825324239378,-0.00038686300738130573,-0.00048043044133649123,0.4841644204851752,0.8101306726600278,-0.00746663940706258,0.006019817780866913
POS_REVERSION_SHORT,3,15,SOLUSDT,0.0,3033,-7.727082136368323e-05,0.0003234361860405821,8.338727887920237e-05,-2.335335706266406e-05,0.5242334322453017,0.972461527734962,-0.00865898050836802,0.007899663048911303
POS_REVERSION_SHORT,3,15,SOLUSDT,0.0004,3033,-0.0004772708213636831,-7.656381395941791e-05,-0.0003166127211207975,-0.00042335335706266395,0.4958786679854929,0.8410203113258028,-0.009058980508368019,0.007499663048911303
POS_REVERSION_SHORT,3,15,SOLUSDT,0.0006,3033,-0.0006772708213636832,-0.00027656381395941784,-0.000516612721120798,-0.0006233533570626639,0.4810418727332674,0.7818276614924822,-0.00925898050836802,0.0072996630489113035
POS_REVERSION_SHORT,6,30,BNBUSDT,0.0,3009,-0.00023561387670494827,3.14450576230918e-05,-0.00017522167407152606,-0.00024324809366442927,0.5014955134596212,0.9056362003019661,-0.007708727689404027,0.006838896582737689
POS_REVERSION_SHORT,6,30,BNBUSDT,0.0004,3009,-0.0006356138767049483,-0.0003685549423769082,-0.0005752216740715258,-0.0006432480936644293,0.46095048188767035,0.7649374747363408,-0.008108727689404027,0.006438896582737689
POS_REVERSION_SHORT,6,30,BNBUSDT,0.0006,3009,-0.0008356138767049482,-0.0005685549423769081,-0.0007752216740715267,-0.0008432480936644293,0.44233964772349615,0.703035346733433,-0.008308727689404027,0.0062388965827376896
POS_REVERSION_SHORT,6,30,BTCUSDT,0.0,3010,-0.0002550705272908926,-0.00020179172725143246,-0.00023421793875362358,-0.0002188470404205515,0.4757475083056478,0.8881188500008974,-0.00632848090674174,0.006202419548318115
POS_REVERSION_SHORT,6,30,BTCUSDT,0.0004,3010,-0.0006550705272908926,-0.0006017917272514324,-0.0006342179387536236,-0.0006188470404205515,0.4299003322259136,0.7377616979618291,-0.00672848090674174,0.0058024195483181145
POS_REVERSION_SHORT,6,30,BTCUSDT,0.0006,3010,-0.0008550705272908926,-0.0008017917272514324,-0.000834217938753624,-0.0008188470404205514,0.4079734219269103,0.6728899592835237,-0.00692848090674174,0.005602419548318115
POS_REVERSION_SHORT,6,30,ETHUSDT,0.0,2968,3.343054322804893e-05,0.00047790754897997223,0.0002217042632649872,8.356451125054872e-05,0.5357142857142857,1.0111048120868584,-0.00911315175459555,0.008861205481000714
POS_REVERSION_SHORT,6,30,ETHUSDT,0.0004,2968,-0.000366569456771951,7.790754897997221e-05,-0.00017829573673501262,-0.00031643548874945134,0.5050539083557951,0.885535504231946,-0.00951315175459555,0.008461205481000714
POS_REVERSION_SHORT,6,30,ETHUSDT,0.0006,2968,-0.000566569456771951,-0.00012209245102002772,-0.0003782957367350132,-0.0005164354887494514,0.4915768194070081,0.8284531248853358,-0.00971315175459555,0.008261205481000714
POS_REVERSION_SHORT,6,30,SOLUSDT,0.0,3033,-0.00046442290909726555,0.0001554122309426198,-0.00014763189552685675,-0.0003008637544695947,0.5074183976261127,0.8811949242525419,-0.011792233764438586,0.010182603011150242
POS_REVERSION_SHORT,6,30,SOLUSDT,0.0004,3033,-0.0008644229090972652,-0.0002445877690573802,-0.0005476318955268569,-0.0007008637544695945,0.4856577645895153,0.789678636421929,-0.012192233764438586,0.009782603011150243
POS_REVERSION_SHORT,6,30,SOLUSDT,0.0006,3033,-0.0010644229090972658,-0.00044458776905738015,-0.0007476318955268569,-0.0009008637544695947,0.4751071546323772,0.7473998785017553,-0.012392233764438586,0.009582603011150242
POS_REVERSION_SHORT,12,60,BNBUSDT,0.0,3009,-0.00031844949321999783,-0.000223226742563698,-0.00028643728365327134,-0.00031556257876974857,0.48321701561980723,0.9020455780252468,-0.009946880420706083,0.008990088731567612
POS_REVERSION_SHORT,12,60,BNBUSDT,0.0004,3009,-0.0007184494932199976,-0.000623226742563698,-0.0006864372836532716,-0.0007155625787697484,0.4456630109670987,0.7926496680980912,-0.010346880420706082,0.008590088731567613
POS_REVERSION_SHORT,12,60,BNBUSDT,0.0006,3009,-0.000918449493219998,-0.000823226742563698,-0.000886437283653272,-0.0009155625787697487,0.43403123961448986,0.7432355556106098,-0.010546880420706083,0.008390088731567612
POS_REVERSION_SHORT,12,60,BTCUSDT,0.0,3010,-0.00032098354484190504,-0.00033553595200941366,-0.0002778265233098889,-0.0002756171481496137,0.4684385382059801,0.893380445210839,-0.008678205945399118,0.008601113347161082
POS_REVERSION_SHORT,12,60,BTCUSDT,0.0004,3010,-0.0007209835448419048,-0.0007355359520094136,-0.0006778265233098888,-0.0006756171481496138,0.4368770764119601,0.7767008328370948,-0.009078205945399117,0.008201113347161082
POS_REVERSION_SHORT,12,60,BTCUSDT,0.0006,3010,-0.0009209835448419052,-0.0009355359520094136,-0.0008778265233098897,-0.0008756171481496136,0.42159468438538206,0.7244952725569465,-0.009278205945399118,0.008001113347161082
POS_REVERSION_SHORT,12,60,ETHUSDT,0.0,2968,0.00010774680498222844,0.0007447421881858762,0.0002840680510179699,0.00014937433269672019,0.5407681940700808,1.0280859300270462,-0.01239960399185176,0.01106349746453516
POS_REVERSION_SHORT,12,60,ETHUSDT,0.0004,2968,-0.0002922531950177714,0.0003447421881858762,-0.00011593194898202961,-0.00025062566730327983,0.5165094339622641,0.9273764246630359,-0.01279960399185176,0.010663497464535161
POS_REVERSION_SHORT,12,60,ETHUSDT,0.0006,2968,-0.0004922531950177718,0.00014474218818587628,-0.0003159319489820305,-0.00045062566730327987,0.5087601078167115,0.880567903236076,-0.01299960399185176,0.01046349746453516
POS_REVERSION_SHORT,12,60,SOLUSDT,0.0,3033,-0.0006175199067217447,0.0002825999192571649,-0.00023161910668431903,-0.0004206138273780467,0.5113748763600395,0.8836554800917747,-0.01628490884028695,0.013405775726010382
POS_REVERSION_SHORT,12,60,SOLUSDT,0.0004,3033,-0.0010175199067217445,-0.00011740008074283514,-0.0006316191066843195,-0.0008206138273780466,0.49455984174085066,0.8152046128514907,-0.01668490884028695,0.013005775726010383
POS_REVERSION_SHORT,12,60,SOLUSDT,0.0006,3033,-0.0012175199067217452,-0.00031740008074283507,-0.0008316191066843198,-0.0010206138273780468,0.48631717771183647,0.78289544846385,-0.016884908840286948,0.012805775726010382
NEG_CONTINUATION_SHORT,1,5,BNBUSDT,0.0,2983,-7.484083231400448e-05,1.7618661686480408e-05,5.795097828343623e-06,-8.846700370178073e-06,0.5041904123365739,0.9360163158363901,-0.0031009410533297645,0.002961561903940213
NEG_CONTINUATION_SHORT,1,5,BNBUSDT,0.0004,2983,-0.0004748408323140046,-0.0003823813383135196,-0.00039420490217165666,-0.0004088467003701782,0.4173650687227623,0.6572357692266313,-0.0035009410533297647,0.002561561903940213
NEG_CONTINUATION_SHORT,1,5,BNBUSDT,0.0006,2983,-0.0006748408323140043,-0.0005823813383135195,-0.0005942049021716565,-0.0006088467003701779,0.3714381495139122,0.5520560278954356,-0.0037009410533297643,0.0023615619039402133
NEG_CONTINUATION_SHORT,1,5,BTCUSDT,0.0,3051,-9.081940363817896e-05,1.3647692175267068e-05,-3.574558110659184e-05,-5.589832915971809e-05,0.5018026876433956,0.9043261347050107,-0.0028651049377339532,0.0026231787870169
NEG_CONTINUATION_SHORT,1,5,BTCUSDT,0.0004,3051,-0.0004908194036381791,-0.00038635230782473295,-0.0004357455811065919,-0.0004558983291597181,0.4051130776794494,0.5797590827587803,-0.0032651049377339534,0.0022231787870168997
NEG_CONTINUATION_SHORT,1,5,BTCUSDT,0.0006,3051,-0.0006908194036381787,-0.0005863523078247329,-0.0006357455811065918,-0.000655898329159718,0.3582431989511636,0.4650496273478661,-0.003465104937733953,0.0020231787870169
NEG_CONTINUATION_SHORT,1,5,ETHUSDT,0.0,2977,-0.00011521781521140727,-0.00023881380396262308,-0.0001264500726723179,-0.00010852339531075081,0.4581793752099429,0.9209654025173272,-0.0040977170560217765,0.0041540365446943546
NEG_CONTINUATION_SHORT,1,5,ETHUSDT,0.0004,2977,-0.0005152178152114073,-0.000638813803962623,-0.0005264500726723181,-0.0005085233953107509,0.40611353711790393,0.694295634129193,-0.004497717056021777,0.0037540365446943544
NEG_CONTINUATION_SHORT,1,5,ETHUSDT,0.0006,2977,-0.0007152178152114071,-0.000838813803962623,-0.000726450072672318,-0.0007085233953107507,0.37386630836412493,0.6042830794835795,-0.004697717056021776,0.0035540365446943547
NEG_CONTINUATION_SHORT,1,5,SOLUSDT,0.0,3028,-0.00047974044858227005,-0.0003593902777643265,-0.0003763702804119337,-0.0004008083031885566,0.44583883751651254,0.7628485330048732,-0.005191702577471679,0.004283084623874115
NEG_CONTINUATION_SHORT,1,5,SOLUSDT,0.0004,3028,-0.0008797404485822701,-0.0007593902777643265,-0.0007763702804119338,-0.0008008083031885568,0.39993394980184943,0.609592170366517,-0.0055917025774716795,0.003883084623874115
NEG_CONTINUATION_SHORT,1,5,SOLUSDT,0.0006,3028,-0.00107974044858227,-0.0009593902777643265,-0.0009763702804119341,-0.0010008083031885565,0.3751651254953765,0.5455647688150985,-0.005791702577471679,0.0036830846238741152
NEG_CONTINUATION_SHORT,3,15,BNBUSDT,0.0,2983,-5.9882017594166955e-05,-3.512181415876725e-05,-7.742629814835113e-05,-8.653678046705836e-05,0.49480388870264835,0.9674180995420316,-0.005185687356802804,0.004763112687837581
NEG_CONTINUATION_SHORT,3,15,BNBUSDT,0.0004,2983,-0.000459882017594167,-0.00043512181415876727,-0.00047742629814835126,-0.0004865367804670584,0.44217230975527994,0.7757255002716728,-0.005585687356802804,0.004363112687837581
NEG_CONTINUATION_SHORT,3,15,BNBUSDT,0.0006,2983,-0.0006598820175941669,-0.0006351218141587672,-0.0006774262981483516,-0.0006865367804670581,0.42205833053972514,0.6950987551818634,-0.005785687356802804,0.004163112687837581
NEG_CONTINUATION_SHORT,3,15,BTCUSDT,0.0,3051,-0.0002318584872863272,-0.0001030604627154652,-0.00016972571824772173,-0.00020923525098213378,0.4890199934447722,0.855293432325922,-0.0048387505383427065,0.004203412073490842
NEG_CONTINUATION_SHORT,3,15,BTCUSDT,0.0004,3051,-0.0006318584872863273,-0.0005030604627154652,-0.0005697257182477218,-0.0006092352509821339,0.4369059324811537,0.6523015961517519,-0.005238750538342707,0.003803412073490842
NEG_CONTINUATION_SHORT,3,15,BTCUSDT,0.0006,3051,-0.000831858487286327,-0.0007030604627154652,-0.0007697257182477219,-0.0008092352509821336,0.4083906915765323,0.5696251127630697,-0.005438750538342706,0.003603412073490842
NEG_CONTINUATION_SHORT,3,15,ETHUSDT,0.0,2977,-0.0002480313718140613,-0.00038193569001809813,-0.0002936724644700548,-0.0002660786282926448,0.4645616392341283,0.8945891349222609,-0.0068485337581739355,0.006311205451757276
NEG_CONTINUATION_SHORT,3,15,ETHUSDT,0.0004,2977,-0.0006480313718140614,-0.0007819356900180981,-0.0006936724644700545,-0.0006660786282926448,0.43029895868323814,0.7483013139664945,-0.007248533758173936,0.005911205451757276
NEG_CONTINUATION_SHORT,3,15,ETHUSDT,0.0006,2977,-0.0008480313718140613,-0.000981935690018098,-0.0008936724644700552,-0.0008660786282926447,0.41182398387638564,0.6848098132332121,-0.007448533758173935,0.005711205451757276
NEG_CONTINUATION_SHORT,3,15,SOLUSDT,0.0,3028,-0.0006857169540757128,-0.0005788084153671713,-0.0005563401653804179,-0.0005660321373875593,0.4560766182298547,0.7881928526500913,-0.008943801808761887,0.007570933159957163
NEG_CONTINUATION_SHORT,3,15,SOLUSDT,0.0004,3028,-0.0010857169540757126,-0.0009788084153671713,-0.0009563401653804177,-0.0009660321373875593,0.4299867899603699,0.6861333599652039,-0.009343801808761886,0.007170933159957163
NEG_CONTINUATION_SHORT,3,15,SOLUSDT,0.0006,3028,-0.0012857169540757129,-0.0011788084153671712,-0.0011563401653804188,-0.0011660321373875592,0.4134742404227213,0.6403569196929297,-0.009543801808761887,0.006970933159957163
NEG_CONTINUATION_SHORT,6,30,BNBUSDT,0.0,2983,-0.00025958418860321246,-0.0001046275260074836,-8.213853017950951e-05,-0.00013357718734454703,0.4867582970164264,0.8944148528385304,-0.006856905209674658,0.006609957032307335
NEG_CONTINUATION_SHORT,6,30,BNBUSDT,0.0004,2983,-0.0006595841886032125,-0.0005046275260074836,-0.0004821385301795093,-0.0005335771873445471,0.44820650351994634,0.7530344506227773,-0.007256905209674658,0.006209957032307335
NEG_CONTINUATION_SHORT,6,30,BNBUSDT,0.0006,2983,-0.0008595841886032126,-0.0007046275260074835,-0.0006821385301795098,-0.000733577187344547,0.42809252430439154,0.6911322155739559,-0.007456905209674658,0.006009957032307335
NEG_CONTINUATION_SHORT,6,30,BTCUSDT,0.0,3051,-0.0003549152039149031,-0.0002053723610775382,-0.0002596843731799779,-0.0003091348748817819,0.47885939036381514,0.8381369166115988,-0.006747335464716286,0.005677938546577832
NEG_CONTINUATION_SHORT,6,30,BTCUSDT,0.0004,3051,-0.0007549152039149031,-0.0006053723610775382,-0.0006596843731799775,-0.0007091348748817819,0.43231727302523765,0.6868728504009649,-0.007147335464716287,0.005277938546577832
NEG_CONTINUATION_SHORT,6,30,BTCUSDT,0.0006,3051,-0.0009549152039149031,-0.0008053723610775381,-0.000859684373179978,-0.0009091348748817818,0.4116683054736152,0.6220478663190733,-0.007347335464716286,0.005077938546577832
NEG_CONTINUATION_SHORT,6,30,ETHUSDT,0.0,2977,-0.00016487443773234545,-0.0004241289351964994,-0.0003132221961117394,-0.0002687126688498449,0.4712798118911656,0.9453084552833255,-0.008829164759539676,0.008721551701886958
NEG_CONTINUATION_SHORT,6,30,ETHUSDT,0.0004,2977,-0.0005648744377323454,-0.0008241289351964994,-0.0007132221961117392,-0.0006687126688498449,0.43903258313738663,0.8252420437066029,-0.009229164759539676,0.008321551701886958
NEG_CONTINUATION_SHORT,6,30,ETHUSDT,0.0006,2977,-0.0007648744377323455,-0.0010241289351964993,-0.0009132221961117401,-0.000868712668849845,0.42358078602620086,0.7713929537099002,-0.009429164759539676,0.008121551701886958
NEG_CONTINUATION_SHORT,6,30,SOLUSDT,0.0,3028,-0.0009699628568666928,-0.0010492498010712392,-0.0008159850359860547,-0.0008197999065160343,0.440885072655218,0.7792426544618088,-0.012099809622168367,0.010913921169673059
NEG_CONTINUATION_SHORT,6,30,SOLUSDT,0.0004,3028,-0.0013699628568666928,-0.0014492498010712392,-0.0012159850359860544,-0.001219799906516034,0.41974900924702774,0.7035299944548052,-0.012499809622168366,0.01051392116967306
NEG_CONTINUATION_SHORT,6,30,SOLUSDT,0.0006,3028,-0.0015699628568666933,-0.001649249801071239,-0.0014159850359860555,-0.0014197999065160343,0.4085204755614267,0.6686511235963796,-0.012699809622168367,0.010313921169673059
NEG_CONTINUATION_SHORT,12,60,BNBUSDT,0.0,2983,-0.0005307982655230458,-0.0001674789395234022,-0.00034357485909034305,-0.00039170951277329004,0.4870935300033523,0.8412617402011301,-0.009672884482395495,0.008152753037136818
NEG_CONTINUATION_SHORT,12,60,BNBUSDT,0.0004,2983,-0.0009307982655230459,-0.0005674789395234022,-0.0007435748590903433,-0.00079170951277329,0.4539054642976869,0.7381596117561456,-0.010072884482395494,0.007752753037136817
NEG_CONTINUATION_SHORT,12,60,BNBUSDT,0.0006,2983,-0.0011307982655230462,-0.0007674789395234022,-0.0009435748590903443,-0.0009917095127732899,0.43814951391216894,0.6915096786532504,-0.010272884482395495,0.007552753037136818
NEG_CONTINUATION_SHORT,12,60,BTCUSDT,0.0,3051,-0.0003134375255865856,2.2382430687195587e-05,-0.00017991038997407167,-0.0002589906943865993,0.5014749262536873,0.890867796223738,-0.008913477793145885,0.007619329467136282
NEG_CONTINUATION_SHORT,12,60,BTCUSDT,0.0004,3051,-0.0007134375255865856,-0.00037761756931280443,-0.0005799103899740713,-0.0006589906943865993,0.4673877417240249,0.7682062758504943,-0.009313477793145885,0.007219329467136282
NEG_CONTINUATION_SHORT,12,60,BTCUSDT,0.0006,3051,-0.0009134375255865858,-0.0005776175693128044,-0.000779910389974072,-0.0008589906943865992,0.45362176335627663,0.7132818231725234,-0.009513477793145885,0.007019329467136282
NEG_CONTINUATION_SHORT,12,60,ETHUSDT,0.0,2977,-0.00039656601508787474,-0.0003699917849280254,-0.000412167605533497,-0.00037232954318126306,0.4759825327510917,0.9011933332352723,-0.011610349313710877,0.010845626042150737
NEG_CONTINUATION_SHORT,12,60,ETHUSDT,0.0004,2977,-0.0007965660150878744,-0.0007699917849280254,-0.0008121676055334966,-0.000772329543181263,0.4521330198186093,0.8116142724165395,-0.012010349313710877,0.010445626042150737
NEG_CONTINUATION_SHORT,12,60,ETHUSDT,0.0006,2977,-0.0009965660150878751,-0.0009699917849280254,-0.0010121676055334977,-0.0009723295431812632,0.4410480349344978,0.77032238450371,-0.012210349313710877,0.010245626042150737
NEG_CONTINUATION_SHORT,12,60,SOLUSDT,0.0,3028,-0.001112467353961004,-0.0008494700394099386,-0.0010019308769710444,-0.0010318329241949472,0.45442536327608984,0.7976879973282958,-0.015606440556018387,0.013372111815228186
NEG_CONTINUATION_SHORT,12,60,SOLUSDT,0.0004,3028,-0.0015124673539610035,-0.0012494700394099386,-0.001401930876971045,-0.0014318329241949472,0.4379128137384412,0.73557586951333,-0.016006440556018388,0.012972111815228187
NEG_CONTINUATION_SHORT,12,60,SOLUSDT,0.0006,3028,-0.001712467353961004,-0.0014494700394099384,-0.0016019308769710445,-0.0016318329241949477,0.42800528401585203,0.7064334845271699,-0.016206440556018387,0.012772111815228186
NEG_REVERSION_LONG,1,5,BNBUSDT,0.0,2983,7.484083231400448e-05,-1.7618661686480408e-05,-5.795097828343457e-06,8.846700370178222e-06,0.49245725779416694,1.068357445357602,-0.002961561903940213,0.003100941053329766
NEG_REVERSION_LONG,1,5,BNBUSDT,0.0004,2983,-0.0003251591676859956,-0.00041761866168648043,-0.00040579509782834365,-0.00039115329962982186,0.4022795843110962,0.7529158406467338,-0.0033615619039402134,0.0027009410533297656
NEG_REVERSION_LONG,1,5,BNBUSDT,0.0006,2983,-0.0005251591676859954,-0.0006176186616864804,-0.0006057950978283434,-0.0005911532996298217,0.36640965471002346,0.6351952544454098,-0.003561561903940213,0.002500941053329766
NEG_REVERSION_LONG,1,5,BTCUSDT,0.0,3051,9.081940363817896e-05,-1.3647692175267068e-05,3.574558110659184e-05,5.589832915971809e-05,0.4981973123566044,1.1057957540132333,-0.0026231787870169,0.0028651049377339532
NEG_REVERSION_LONG,1,5,BTCUSDT,0.0004,3051,-0.0003091805963618211,-0.0004136476921752671,-0.00036425441889340824,-0.000344101670840282,0.40412979351032446,0.7132386877551238,-0.0030231787870169,0.002465104937733953
NEG_REVERSION_LONG,1,5,BTCUSDT,0.0006,3051,-0.0005091805963618208,-0.000613647692175267,-0.000564254418893408,-0.0005441016708402817,0.3559488692232055,0.57671988059541,-0.0032231787870168997,0.0022651049377339534
NEG_REVERSION_LONG,1,5,ETHUSDT,0.0,2977,0.00011521781521140727,0.00023881380396262308,0.0001264500726723179,0.00010852339531075051,0.5411488075243533,1.085817118934808,-0.004154036544694349,0.004097717056021777
NEG_REVERSION_LONG,1,5,ETHUSDT,0.0004,2977,-0.0002847821847885928,-0.00016118619603737694,-0.0002735499273276821,-0.0002914766046892496,0.47732616728249916,0.8150115000090249,-0.0045540365446943495,0.003697717056021777
NEG_REVERSION_LONG,1,5,ETHUSDT,0.0006,2977,-0.00048478218478859264,-0.00036118619603737686,-0.0004735499273276822,-0.0004914766046892493,0.44642257306012767,0.7057080916365586,-0.004754036544694349,0.0034977170560217775
NEG_REVERSION_LONG,1,5,SOLUSDT,0.0,3028,0.00047974044858227005,0.0003593902777643265,0.00037637028041193386,0.0004008083031885566,0.5432628797886394,1.3108762181936473,-0.004283084623874112,0.00519170257747168
NEG_REVERSION_LONG,1,5,SOLUSDT,0.0004,3028,7.974044858226998e-05,-4.060972223567349e-05,-2.36297195880661e-05,8.083031885565144e-07,0.49438573315719947,1.0459661283021449,-0.004683084623874112,0.00479170257747168
NEG_REVERSION_LONG,1,5,SOLUSDT,0.0006,3028,-0.0001202595514177298,-0.00024060972223567342,-0.00022362971958806623,-0.0001991916968114432,0.46367239101717306,0.9346094229742433,-0.0048830846238741114,0.00459170257747168
NEG_REVERSION_LONG,3,15,BNBUSDT,0.0,2983,5.9882017594166955e-05,3.512181415876725e-05,7.742629814835129e-05,8.653678046705859e-05,0.5035199463627221,1.0336792339045469,-0.0047631126878375785,0.005185687356802804
NEG_REVERSION_LONG,3,15,BNBUSDT,0.0004,2983,-0.0003401179824058331,-0.00036487818584123277,-0.00032257370185164884,-0.00031346321953294157,0.44954743546765,0.8288261309731747,-0.005163112687837579,0.004785687356802804
NEG_REVERSION_LONG,3,15,BNBUSDT,0.0006,2983,-0.000540117982405833,-0.0005648781858412327,-0.000522573701851649,-0.0005134632195329413,0.42205833053972514,0.7427996501419193,-0.005363112687837578,0.004585687356802804
NEG_REVERSION_LONG,3,15,BTCUSDT,0.0,3051,0.0002318584872863272,0.0001030604627154652,0.00016972571824772173,0.00020923525098213378,0.5109800065552278,1.1691893825029809,-0.004203412073490842,0.0048387505383427065
NEG_REVERSION_LONG,3,15,BTCUSDT,0.0004,3051,-0.00016814151271367294,-0.0002969395372845348,-0.00023027428175227818,-0.00019076474901786634,0.4532940019665683,0.89334247130105,-0.004603412073490842,0.004438750538342706
NEG_REVERSION_LONG,3,15,BTCUSDT,0.0006,3051,-0.00036814151271367273,-0.0004969395372845347,-0.0004302742817522785,-0.0003907647490178661,0.4251065224516552,0.7819830575297948,-0.004803412073490842,0.004238750538342707
NEG_REVERSION_LONG,3,15,ETHUSDT,0.0,2977,0.0002480313718140613,0.00038193569001809813,0.0002936724644700548,0.00026607862829264306,0.5351024521330198,1.117831595492046,-0.0063112054517572725,0.006848533758173936
NEG_REVERSION_LONG,3,15,ETHUSDT,0.0004,2977,-0.00015196862818593872,-1.806430998190189e-05,-0.00010632753552994503,-0.000133921371707357,0.49815250251931475,0.9338913363463881,-0.006711205451757273,0.006448533758173936
NEG_REVERSION_LONG,3,15,ETHUSDT,0.0006,2977,-0.00035196862818593857,-0.00021806430998190182,-0.0003063275355299452,-0.0003339213717073569,0.4786698018139066,0.853405714255973,-0.006911205451757272,0.0062485337581739365
NEG_REVERSION_LONG,3,15,SOLUSDT,0.0,3028,0.0006857169540757128,0.0005788084153671713,0.0005563401653804176,0.0005660321373875599,0.5402906208718626,1.2687250292079695,-0.0075709331599571605,0.008943801808761895
NEG_REVERSION_LONG,3,15,SOLUSDT,0.0004,3028,0.00028571695407571284,0.0001788084153671713,0.0001563401653804186,0.00016603213738756,0.5145310435931307,1.104247533271511,-0.00797093315995716,0.008543801808761896
NEG_REVERSION_LONG,3,15,SOLUSDT,0.0006,3028,8.571695407571266e-05,-2.1191584632828634e-05,-4.36598346195825e-05,-3.3967862612440044e-05,0.49702774108322323,1.0301873650657598,-0.00817093315995716,0.008343801808761896
NEG_REVERSION_LONG,6,30,BNBUSDT,0.0,2983,0.00025958418860321246,0.0001046275260074836,8.213853017950984e-05,0.0001335771873445473,0.5108950720750922,1.1180494116643778,-0.006609957032307334,0.006856905209674661
NEG_REVERSION_LONG,6,30,BNBUSDT,0.0004,2983,-0.00014041581139678745,-0.0002953724739925164,-0.0003178614698204901,-0.00026642281265545274,0.468990948709353,0.9415636463660653,-0.007009957032307335,0.006456905209674661
NEG_REVERSION_LONG,6,30,BNBUSDT,0.0006,2983,-0.0003404158113967876,-0.0004953724739925164,-0.0005178614698204906,-0.0004664228126554526,0.4515588333892055,0.8644052641888754,-0.007209957032307334,0.006256905209674661
NEG_REVERSION_LONG,6,30,BTCUSDT,0.0,3051,0.0003549152039149031,0.0002053723610775382,0.00025968437317997774,0.0003091348748817819,0.5211406096361848,1.1931224841434949,-0.005677938546577832,0.006747335464716286
NEG_REVERSION_LONG,6,30,BTCUSDT,0.0004,3051,-4.5084796085096916e-05,-0.00019462763892246182,-0.00014031562682002214,-9.086512511821816e-05,0.4749262536873156,0.9778771075124353,-0.006077938546577832,0.006347335464716286
NEG_REVERSION_LONG,6,30,BTCUSDT,0.0006,3051,-0.00024508479608509684,-0.00039462763892246175,-0.0003403156268200226,-0.000290865125118218,0.4526384791871518,0.8857491177120773,-0.006277938546577832,0.006147335464716287
NEG_REVERSION_LONG,6,30,ETHUSDT,0.0,2977,0.00016487443773234545,0.0004241289351964994,0.0003132221961117394,0.0002687126688498445,0.5287201881088344,1.05785576592593,-0.008721551701886952,0.008829164759539678
NEG_REVERSION_LONG,6,30,ETHUSDT,0.0004,2977,-0.00023512556226765448,2.4128935196499393e-05,-8.677780388825991e-05,-0.00013128733115015543,0.5015115888478334,0.9227589989209035,-0.009121551701886952,0.008429164759539679
NEG_REVERSION_LONG,6,30,ETHUSDT,0.0006,2977,-0.00043512556226765455,-0.00017587106480350053,-0.0002867778038882609,-0.00033128733115015546,0.48941887806516626,0.8616504055518228,-0.009321551701886952,0.008229164759539678
NEG_REVERSION_LONG,6,30,SOLUSDT,0.0,3028,0.0009699628568666928,0.0010492498010712392,0.0008159850359860547,0.0008197999065160348,0.5561426684280053,1.283297307038023,-0.010913921169673057,0.012099809622168367
NEG_REVERSION_LONG,6,30,SOLUSDT,0.0004,3028,0.000569962856866693,0.0006492498010712393,0.0004159850359860548,0.00041979990651603487,0.5369881109643329,1.1581054873555652,-0.011313921169673056,0.011699809622168367
NEG_REVERSION_LONG,6,30,SOLUSDT,0.0006,3028,0.0003699628568666926,0.00044924980107123927,0.00021598503598605406,0.00021979990651603478,0.5254293262879789,1.1000301738996823,-0.011513921169673057,0.011499809622168367
NEG_REVERSION_LONG,12,60,BNBUSDT,0.0,2983,0.0005307982655230458,0.0001674789395234022,0.0003435748590903434,0.00039170951277329026,0.51190077103587,1.1886906918659093,-0.008152753037136806,0.009672884482395495
NEG_REVERSION_LONG,12,60,BNBUSDT,0.0004,2983,0.000130798265523046,-0.00023252106047659782,-5.6425140909655894e-05,-8.29048722670969e-06,0.48273550117331543,1.0433954277629187,-0.008552753037136806,0.009272884482395495
NEG_REVERSION_LONG,12,60,BNBUSDT,0.0006,2983,-6.920173447695421e-05,-0.00043252106047659774,-0.00025642514090965716,-0.0002082904872267097,0.4713375796178344,0.9778122954180349,-0.008752753037136806,0.009072884482395495
NEG_REVERSION_LONG,12,60,BTCUSDT,0.0,3051,0.0003134375255865856,-2.2382430687195587e-05,0.00017991038997407135,0.0002589906943865993,0.4981973123566044,1.1225010088352703,-0.007619329467136282,0.008913477793145885
NEG_REVERSION_LONG,12,60,BTCUSDT,0.0004,3051,-8.656247441341432e-05,-0.0004223824306871956,-0.00022008961002592794,-0.00014100930561340065,0.46542117338577516,0.9687109532240036,-0.008019329467136281,0.008513477793145886
NEG_REVERSION_LONG,12,60,BTCUSDT,0.0006,3051,-0.0002865624744134145,-0.0006223824306871955,-0.0004200896100259284,-0.00034100930561340066,0.44870534251065225,0.9003295850634697,-0.008219329467136282,0.008313477793145885
NEG_REVERSION_LONG,12,60,ETHUSDT,0.0,2977,0.00039656601508787474,0.0003699917849280254,0.0004121676055334973,0.00037232954318126285,0.5233456499832045,1.109639811038119,-0.010845626042150735,0.011610349313710877
NEG_REVERSION_LONG,12,60,ETHUSDT,0.0004,2977,-3.4339849121249145e-06,-3.0008215071974595e-05,1.216760553349733e-05,-2.7670456818737075e-05,0.4971447766207592,0.9990993623921853,-0.011245626042150734,0.011210349313710878
NEG_REVERSION_LONG,12,60,ETHUSDT,0.0006,2977,-0.00020343398491212567,-0.00023000821507197452,-0.00018783239446650368,-0.00022767045681873718,0.4890829694323144,0.9480293267400697,-0.011445626042150735,0.011010349313710878
NEG_REVERSION_LONG,12,60,SOLUSDT,0.0,3028,0.001112467353961004,0.0008494700394099386,0.0010019308769710444,0.0010318329241949483,0.5422721268163805,1.2536229745831826,-0.013372111815228172,0.015606440556018389
NEG_REVERSION_LONG,12,60,SOLUSDT,0.0004,3028,0.0007124673539610041,0.0004494700394099386,0.0006019308769710443,0.0006318329241949484,0.5221268163804491,1.1557920443043799,-0.013772111815228172,0.01520644055601839
NEG_REVERSION_LONG,12,60,SOLUSDT,0.0006,3028,0.0005124673539610034,0.00024947003940993865,0.0004019308769710444,0.0004318329241949481,0.5092470277410832,1.1097370834664657,-0.013972111815228172,0.015006440556018389
