hypothesis,state,side,minutes,cost,samples,mean_return,median_return,trimmed_mean_5,winsorized_mean_5,win_rate,profit_factor,q10,q90
ABS_UP_REVERSE_SHORT,ABSORPTION_UP,SHORT,5,0.0,3935,7.797806615876816e-06,-5.389019872015233e-05,-3.611344157449156e-05,-3.49045917994294e-05,0.4866581956797967,1.0072171657879438,-0.003321710432895441,0.0032583450000211343
ABS_UP_REVERSE_SHORT,ABSORPTION_UP,SHORT,5,0.0004,3935,-0.00039220219338412325,-0.00045389019872015235,-0.0004361134415744918,-0.00043490459179942946,0.4099110546378653,0.6985851864607688,-0.0037217104328954413,0.002858345000021134
ABS_UP_REVERSE_SHORT,ABSORPTION_UP,SHORT,5,0.0006,3935,-0.0005922021933841232,-0.0006538901987201523,-0.0006361134415744917,-0.0006349045917994293,0.37789072426937736,0.5836313794882738,-0.003921710432895441,0.0026583450000211345
ABS_UP_REVERSE_SHORT,ABSORPTION_UP,SHORT,15,0.0,3935,7.670881553348402e-05,-3.3586914538030754e-05,-3.0548281847945556e-05,-2.4722854502725144e-05,0.4940279542566709,1.044311983451852,-0.005394869561483339,0.0051437150502276815
ABS_UP_REVERSE_SHORT,ABSORPTION_UP,SHORT,15,0.0004,3935,-0.000323291184466516,-0.0004335869145380308,-0.00043054828184794537,-0.00042472285450272524,0.448284625158831,0.8336226369638465,-0.005794869561483339,0.004743715050227681
ABS_UP_REVERSE_SHORT,ABSORPTION_UP,SHORT,15,0.0006,3935,-0.000523291184466516,-0.0006335869145380307,-0.000630548281847946,-0.0006247228545027251,0.42363405336721727,0.7454738575747824,-0.005994869561483339,0.004543715050227682
ABS_UP_REVERSE_SHORT,ABSORPTION_UP,SHORT,30,0.0,3935,9.364061653100838e-06,-0.00012804097311147622,-6.2700763053353e-05,-5.008182869887927e-05,0.4841168996188056,1.0039566869652412,-0.007328923596817738,0.007270910038238809
ABS_UP_REVERSE_SHORT,ABSORPTION_UP,SHORT,30,0.0004,3935,-0.00039063593834689917,-0.0005280409731114762,-0.00046270076305335284,-0.0004500818286988793,0.44675984752223635,0.8486050057763825,-0.007728923596817738,0.006870910038238809
ABS_UP_REVERSE_SHORT,ABSORPTION_UP,SHORT,30,0.0006,3935,-0.0005906359383468994,-0.0007280409731114762,-0.0006627007630533537,-0.0006500818286988792,0.42795425667090214,0.7806572636436528,-0.007928923596817737,0.006670910038238809
ABS_UP_REVERSE_SHORT,ABSORPTION_UP,SHORT,60,0.0,3935,0.00012020790337638834,6.845815128764254e-05,7.774881374763853e-05,4.139643638143141e-05,0.5029224904701398,1.0391833383217095,-0.009258994240685547,0.009617985604993983
ABS_UP_REVERSE_SHORT,ABSORPTION_UP,SHORT,60,0.0004,3935,-0.0002797920966236114,-0.0003315418487123575,-0.0003222511862523613,-0.0003586035636185685,0.4780177890724269,0.9144634312267141,-0.009658994240685547,0.009217985604993983
ABS_UP_REVERSE_SHORT,ABSORPTION_UP,SHORT,60,0.0006,3935,-0.000479792096623612,-0.0005315418487123574,-0.0005222511862523627,-0.0005586035636185687,0.46429479034307497,0.8579149323997176,-0.009858994240685547,0.009017985604993983
ABS_UP_CONTINUE_LONG,ABSORPTION_UP,LONG,5,0.0,3935,-7.797806615876816e-06,5.389019872015233e-05,3.611344157449156e-05,3.490459179942912e-05,0.5092757306226176,0.9928345484637389,-0.0032583450000211343,0.0033217104328954403
ABS_UP_CONTINUE_LONG,ABSORPTION_UP,LONG,5,0.0004,3935,-0.0004077978066158769,-0.0003461098012798477,-0.00036388655842550853,-0.00036509540820057096,0.4320203303684879,0.6862961296921153,-0.0036583450000211345,0.00292171043289544
ABS_UP_CONTINUE_LONG,ABSORPTION_UP,LONG,5,0.0006,3935,-0.0006077978066158766,-0.0005461098012798476,-0.0005638865584255083,-0.0005650954082005708,0.40101651842439645,0.5709639655484202,-0.003858345000021134,0.0027217104328954404
ABS_UP_CONTINUE_LONG,ABSORPTION_UP,LONG,15,0.0,3935,-7.670881553348402e-05,3.3586914538030754e-05,3.0548281847945806e-05,2.4722854502724704e-05,0.5031766200762389,0.9575682514861279,-0.0051437150502276815,0.005394869561483339
ABS_UP_CONTINUE_LONG,ABSORPTION_UP,LONG,15,0.0004,3935,-0.0004767088155334841,-0.00036641308546196926,-0.000369451718152054,-0.00037527714549727534,0.45209656925031766,0.763569697086711,-0.005543715050227682,0.004994869561483339
ABS_UP_CONTINUE_LONG,ABSORPTION_UP,LONG,15,0.0006,3935,-0.0006767088155334841,-0.0005664130854619692,-0.000569451718152055,-0.000575277145497275,0.42820838627700125,0.6820513128665344,-0.005743715050227681,0.004794869561483339
ABS_UP_CONTINUE_LONG,ABSORPTION_UP,LONG,30,0.0,3935,-9.364061653100838e-06,0.00012804097311147622,6.2700763053353e-05,5.008182869887881e-05,0.5138500635324015,0.9960589067072192,-0.007270910038238809,0.007328923596817737
ABS_UP_CONTINUE_LONG,ABSORPTION_UP,LONG,30,0.0004,3935,-0.00040936406165310076,-0.0002719590268885238,-0.00033729923694664655,-0.0003499181713011212,0.4696315120711563,0.8412874851295739,-0.007670910038238809,0.006928923596817737
ABS_UP_CONTINUE_LONG,ABSORPTION_UP,LONG,30,0.0006,3935,-0.000609364061653101,-0.00047195902688852373,-0.0005372992369466475,-0.0005499181713011212,0.45133418043202034,0.7732316497448939,-0.00787091003823881,0.006728923596817737
ABS_UP_CONTINUE_LONG,ABSORPTION_UP,LONG,60,0.0,3935,-0.00012020790337638834,-6.845815128764254e-05,-7.774881374763853e-05,-4.1396436381431656e-05,0.4950444726810673,0.9622941045369425,-0.009617985604993983,0.009258994240685547
ABS_UP_CONTINUE_LONG,ABSORPTION_UP,LONG,60,0.0004,3935,-0.0005202079033763882,-0.00046845815128764256,-0.00047774881374763834,-0.00044139643638143163,0.46810673443456163,0.8467873759871807,-0.010017985604993982,0.008858994240685548
ABS_UP_CONTINUE_LONG,ABSORPTION_UP,LONG,60,0.0006,3935,-0.0007202079033763887,-0.0006684581512876425,-0.0006777488137476388,-0.0006413964363814319,0.4526048284625159,0.7944398811590582,-0.010217985604993983,0.008658994240685548
ABS_DOWN_REVERSE_LONG,ABSORPTION_DOWN,LONG,5,0.0,3999,-1.581565960214853e-05,5.039475894519363e-05,1.7440010365433185e-05,1.5472310124698735e-05,0.5106276569142285,0.9851883772831888,-0.0032786521634669886,0.003305313343870165
ABS_DOWN_REVERSE_LONG,ABSORPTION_DOWN,LONG,5,0.0004,3999,-0.00041581565960214855,-0.0003496052410548064,-0.00038255998963456693,-0.0003845276898753013,0.42460615153788445,0.6754272838332097,-0.0036786521634669888,0.0029053133438701646
ABS_DOWN_REVERSE_LONG,ABSORPTION_DOWN,LONG,5,0.0006,3999,-0.0006158156596021485,-0.0005496052410548063,-0.000582559989634567,-0.000584527689875301,0.3865966491622906,0.5601643368270575,-0.0038786521634669884,0.002705313343870165
ABS_DOWN_REVERSE_LONG,ABSORPTION_DOWN,LONG,15,0.0,3999,1.8346879630259535e-05,9.95013874915962e-05,1.1159515513336586e-05,-2.667067668767296e-06,0.5101275318829708,1.0104645084511368,-0.005436568578034628,0.005162387715779829
ABS_DOWN_REVERSE_LONG,ABSORPTION_DOWN,LONG,15,0.0004,3999,-0.0003816531203697405,-0.0003004986125084038,-0.000388840484486663,-0.00040266706766876734,0.45786446611652915,0.805233815200531,-0.005836568578034628,0.0047623877157798285
ABS_DOWN_REVERSE_LONG,ABSORPTION_DOWN,LONG,15,0.0006,3999,-0.0005816531203697403,-0.0005004986125084037,-0.0005888404844866638,-0.0006026670676687672,0.43010752688172044,0.719070265918972,-0.006036568578034628,0.004562387715779829
ABS_DOWN_REVERSE_LONG,ABSORPTION_DOWN,LONG,30,0.0,3999,5.3429815465941077e-05,0.0001411475294141873,0.00011029623447576055,4.547497827144668e-05,0.5143785946486622,1.0228252377142832,-0.0073250733866708105,0.00716607497515658
ABS_DOWN_REVERSE_LONG,ABSORPTION_DOWN,LONG,30,0.0004,3999,-0.00034657018453405886,-0.00025885247058581273,-0.0002897037655242393,-0.0003545250217285534,0.47961990497624407,0.8636870899925937,-0.007725073386670811,0.00676607497515658
ABS_DOWN_REVERSE_LONG,ABSORPTION_DOWN,LONG,30,0.0006,3999,-0.000546570184534059,-0.00045885247058581266,-0.0004897037655242401,-0.0005545250217285534,0.460865216304076,0.7936137260881402,-0.007925073386670811,0.00656607497515658
ABS_DOWN_REVERSE_LONG,ABSORPTION_DOWN,LONG,60,0.0,3999,5.896335689844083e-05,0.00022648774135092253,0.0001027000443414126,9.326609931215623e-05,0.5156289072268067,1.0188159936497434,-0.009940286135166532,0.00943555463368071
ABS_DOWN_REVERSE_LONG,ABSORPTION_DOWN,LONG,60,0.0004,3999,-0.00034103664310155895,-0.00017351225864907749,-0.0002972999556585875,-0.00030673390068784365,0.48612153038259565,0.8976782316860559,-0.010340286135166531,0.009035554633680712
ABS_DOWN_REVERSE_LONG,ABSORPTION_DOWN,LONG,60,0.0006,3999,-0.0005410366431015594,-0.0003735122586490774,-0.0004972999556585875,-0.0005067339006878438,0.4741185296324081,0.8425794586910008,-0.010540286135166532,0.008835554633680711
ABS_DOWN_CONTINUE_SHORT,ABSORPTION_DOWN,SHORT,5,0.0,3999,1.581565960214853e-05,-5.039475894519363e-05,-1.7440010365433185e-05,-1.547231012469897e-05,0.4858714678669667,1.0150343051728408,-0.0033053133438701644,0.00327865216346699
ABS_DOWN_CONTINUE_SHORT,ABSORPTION_DOWN,SHORT,5,0.0004,3999,-0.0003841843403978515,-0.00045039475894519365,-0.00041744001036543327,-0.0004154723101246991,0.4111027756939235,0.6980538051691411,-0.0037053133438701646,0.0028786521634669897
ABS_DOWN_CONTINUE_SHORT,ABSORPTION_DOWN,SHORT,5,0.0006,3999,-0.0005841843403978514,-0.0006503947589451936,-0.000617440010365433,-0.0006154723101246989,0.37134283570892723,0.5809800780888391,-0.003905313343870164,0.00267865216346699
ABS_DOWN_CONTINUE_SHORT,ABSORPTION_DOWN,SHORT,15,0.0,3999,-1.8346879630259535e-05,-9.95013874915962e-05,-1.1159515513336833e-05,2.6670676687671818e-06,0.4873718429607402,0.9896438634275467,-0.005162387715779814,0.0054365685780346324
ABS_DOWN_CONTINUE_SHORT,ABSORPTION_DOWN,SHORT,15,0.0004,3999,-0.00041834687963025963,-0.0004995013874915962,-0.0004111595155133364,-0.000397332932331233,0.4358589647411853,0.7893433841804759,-0.005562387715779814,0.005036568578034632
ABS_DOWN_CONTINUE_SHORT,ABSORPTION_DOWN,SHORT,15,0.0006,3999,-0.0006183468796302595,-0.0006995013874915962,-0.0006111595155133373,-0.0005973329323312328,0.41385346336584145,0.7056965977044101,-0.005762387715779814,0.004836568578034633
ABS_DOWN_CONTINUE_SHORT,ABSORPTION_DOWN,SHORT,30,0.0,3999,-5.3429815465941077e-05,-0.0001411475294141873,-0.0001102962344757603,-4.5474978271446874e-05,0.4838709677419355,0.9776841273830015,-0.007166074975156578,0.007325073386670813
ABS_DOWN_CONTINUE_SHORT,ABSORPTION_DOWN,SHORT,30,0.0004,3999,-0.000453429815465941,-0.0005411475294141873,-0.0005102962344757601,-0.0004454749782714469,0.4466116529132283,0.8261515201933693,-0.007566074975156578,0.006925073386670813
ABS_DOWN_CONTINUE_SHORT,ABSORPTION_DOWN,SHORT,30,0.0006,3999,-0.0006534298154659412,-0.0007411475294141872,-0.0007102962344757614,-0.0006454749782714469,0.4283570892723181,0.7598503435988253,-0.007766074975156577,0.006725073386670813
ABS_DOWN_CONTINUE_SHORT,ABSORPTION_DOWN,SHORT,60,0.0,3999,-5.896335689844083e-05,-0.00022648774135092253,-0.0001027000443414126,-9.32660993121567e-05,0.48337084271067765,0.9815315093529909,-0.009435554633680709,0.009940286135166534
ABS_DOWN_CONTINUE_SHORT,ABSORPTION_DOWN,SHORT,60,0.0004,3999,-0.0004589633568984406,-0.0006264877413509225,-0.0005027000443414129,-0.0004932660993121564,0.45311327831957987,0.865219771375499,-0.009835554633680708,0.009540286135166534
ABS_DOWN_CONTINUE_SHORT,ABSORPTION_DOWN,SHORT,60,0.0006,3999,-0.0006589633568984413,-0.0008264877413509225,-0.0007027000443414135,-0.0006932660993121568,0.4398599649912478,0.8125886995097147,-0.010035554633680709,0.009340286135166534
EFF_UP_CONTINUE_LONG,EFFICIENT_UP,LONG,5,0.0,26766,-4.580965848599991e-06,-0.00014539725731160802,-5.8331692216518034e-05,-2.4866689516355656e-05,0.4735858925502503,0.9963780233466079,-0.0037423449426623456,0.003940853990238691
EFF_UP_CONTINUE_LONG,EFFICIENT_UP,LONG,5,0.0004,26766,-0.0004045809658486001,-0.000545397257311608,-0.000458331692216518,-0.0004248666895163558,0.40992303668833596,0.7280778043665826,-0.004142344942662346,0.0035408539902386906
EFF_UP_CONTINUE_LONG,EFFICIENT_UP,LONG,5,0.0006,26766,-0.0006045809658486,-0.000745397257311608,-0.000658331692216518,-0.0006248666895163555,0.37745647463199583,0.6242848557318414,-0.0043423449426623455,0.003340853990238691
EFF_UP_CONTINUE_LONG,EFFICIENT_UP,LONG,15,0.0,26766,3.4186150892358802e-06,-0.00023272597427259623,-7.074501027857109e-05,-1.7579028495215345e-05,0.47425838750653815,1.001686058559785,-0.006017762159232443,0.006339959747117874
EFF_UP_CONTINUE_LONG,EFFICIENT_UP,LONG,15,0.0004,26766,-0.00039658138491076414,-0.0006327259742725962,-0.0004707450102785709,-0.0004175790284952153,0.43297466935664647,0.8234077566583616,-0.006417762159232443,0.0059399597471178735
EFF_UP_CONTINUE_LONG,EFFICIENT_UP,LONG,15,0.0006,26766,-0.0005965813849107642,-0.0008327259742725962,-0.0006707450102785712,-0.0006175790284952152,0.41265037734439214,0.7473308832222657,-0.0066177621592324425,0.005739959747117874
EFF_UP_CONTINUE_LONG,EFFICIENT_UP,LONG,30,0.0,26766,0.00013567321185198387,-0.0001930579406030919,5.718925477797314e-06,8.792796419754491e-05,0.483598595232758,1.0511085504856184,-0.008042403498794037,0.008677010678633246
EFF_UP_CONTINUE_LONG,EFFICIENT_UP,LONG,30,0.0004,26766,-0.00026432678814801604,-0.0005930579406030919,-0.0003942810745222028,-0.00031207203580245507,0.45382201300156916,0.9078043011195406,-0.008442403498794037,0.008277010678633246
EFF_UP_CONTINUE_LONG,EFFICIENT_UP,LONG,30,0.0006,26766,-0.00046432678814801624,-0.0007930579406030918,-0.0005942810745222036,-0.0005120720358024551,0.43760741238885154,0.8440710807230419,-0.008642403498794037,0.008077010678633246
EFF_UP_CONTINUE_LONG,EFFICIENT_UP,LONG,60,0.0,26766,0.0001951651978183291,-0.0001917166939066628,6.103872753349258e-05,0.00014541678473897984,0.4889785548830606,1.0548002610882385,-0.010551225339834436,0.011572745124894035
EFF_UP_CONTINUE_LONG,EFFICIENT_UP,LONG,60,0.0004,26766,-0.00020483480218167066,-0.0005917166939066628,-0.00033896127246650756,-0.00025458321526102007,0.46394679817679146,0.945678329458066,-0.010951225339834435,0.011172745124894036
EFF_UP_CONTINUE_LONG,EFFICIENT_UP,LONG,60,0.0006,26766,-0.00040483480218167126,-0.0007917166939066627,-0.0005389612724665084,-0.0004545832152610204,0.4521407756108496,0.8956386293218582,-0.011151225339834436,0.010972745124894035
EFF_UP_REVERSE_SHORT,EFFICIENT_UP,SHORT,5,0.0,26766,4.580965848599991e-06,0.00014539725731160802,5.8331692216518034e-05,2.4866689516355656e-05,0.5237614884555033,1.0036351430566752,-0.003940853990238691,0.0037423449426623456
EFF_UP_REVERSE_SHORT,EFFICIENT_UP,SHORT,5,0.0004,26766,-0.00039541903415140007,-0.000254602742688392,-0.0003416683077834819,-0.00037513331048364453,0.4589778076664425,0.7298002193871991,-0.004340853990238691,0.0033423449426623454
EFF_UP_REVERSE_SHORT,EFFICIENT_UP,SHORT,5,0.0006,26766,-0.0005954190341513999,-0.00045460274268839193,-0.0005416683077834821,-0.0005751333104836441,0.42273780168870956,0.6220346766399202,-0.004540853990238691,0.003142344942662346
EFF_UP_REVERSE_SHORT,EFFICIENT_UP,SHORT,15,0.0,26766,-3.4186150892358802e-06,0.00023272597427259623,7.074501027857049e-05,1.7579028495215345e-05,0.5239482926100276,0.9983167794486335,-0.006339959747117874,0.006017762159232443
EFF_UP_REVERSE_SHORT,EFFICIENT_UP,SHORT,15,0.0004,26766,-0.0004034186150892359,-0.0001672740257274038,-0.0003292549897214289,-0.0003824209715047847,0.482664574460136,0.8190683475756004,-0.006739959747117874,0.0056177621592324424
EFF_UP_REVERSE_SHORT,EFFICIENT_UP,SHORT,15,0.0006,26766,-0.0006034186150892359,-0.0003672740257274037,-0.0005292549897214294,-0.0005824209715047845,0.459762385115445,0.7416237254207249,-0.0069399597471178735,0.005417762159232443
EFF_UP_REVERSE_SHORT,EFFICIENT_UP,SHORT,30,0.0,26766,-0.00013567321185198387,0.0001930579406030919,-5.7189254777970194e-06,-8.792796419754491e-05,0.5149443323619517,0.9513765248489264,-0.008677010678633246,0.008042403498794037
EFF_UP_REVERSE_SHORT,EFFICIENT_UP,SHORT,30,0.0004,26766,-0.0005356732118519838,-0.00020694205939690813,-0.00040571892547779684,-0.00048792796419754476,0.4828513786146604,0.8208774122677527,-0.009077010678633245,0.007642403498794037
EFF_UP_REVERSE_SHORT,EFFICIENT_UP,SHORT,30,0.0006,26766,-0.0007356732118519841,-0.00040694205939690805,-0.0006057189254777977,-0.0006879279641975449,0.46615108720017934,0.7623496122175086,-0.009277010678633246,0.0074424034987940375
EFF_UP_REVERSE_SHORT,EFFICIENT_UP,SHORT,60,0.0,26766,-0.0001951651978183291,0.0001917166939066628,-6.103872753349228e-05,-0.00014541678473897984,0.5101621460061272,0.948046788468083,-0.011572745124894035,0.010551225339834436
EFF_UP_REVERSE_SHORT,EFFICIENT_UP,SHORT,60,0.0004,26766,-0.0005951651978183288,-0.00020828330609333723,-0.0004610387275334921,-0.0005454167847389797,0.48711051333781663,0.849587968890263,-0.011972745124894034,0.010151225339834436
EFF_UP_REVERSE_SHORT,EFFICIENT_UP,SHORT,60,0.0006,26766,-0.0007951651978183294,-0.00040828330609333715,-0.0006610387275334926,-0.00074541678473898,0.47620115071359187,0.8041720670084802,-0.012172745124894035,0.009951225339834436
EFF_DOWN_CONTINUE_SHORT,EFFICIENT_DOWN,SHORT,5,0.0,28168,-0.0001010638203585818,-0.00022265336856508444,-0.00014250749521217484,-0.00012122927273209659,0.4603450724226072,0.9298047286566871,-0.004019444145880112,0.003969386154676046
EFF_DOWN_CONTINUE_SHORT,EFFICIENT_DOWN,SHORT,5,0.0004,28168,-0.0005010638203585819,-0.0006226533685650844,-0.0005425074952121748,-0.0005212292727320968,0.4003124112468049,0.6995620931216808,-0.0044194441458801125,0.003569386154676046
EFF_DOWN_CONTINUE_SHORT,EFFICIENT_DOWN,SHORT,5,0.0006,28168,-0.0007010638203585817,-0.0008226533685650844,-0.0007425074952121751,-0.0007212292727320964,0.3702783300198807,0.6084929989725689,-0.004619444145880112,0.0033693861546760465
EFF_DOWN_CONTINUE_SHORT,EFFICIENT_DOWN,SHORT,15,0.0,28168,-0.00021186073303640525,-0.0004594676183629076,-0.0002945557987231251,-0.00024369407102479073,0.4530673104231752,0.9094151817579811,-0.006535769812878932,0.006458678085468228
EFF_DOWN_CONTINUE_SHORT,EFFICIENT_DOWN,SHORT,15,0.0004,28168,-0.0006118607330364053,-0.0008594676183629076,-0.0006945557987231248,-0.0006436940710247909,0.41785004260153363,0.7614233408789425,-0.006935769812878932,0.006058678085468228
EFF_DOWN_CONTINUE_SHORT,EFFICIENT_DOWN,SHORT,15,0.0006,28168,-0.0008118607330364052,-0.0010594676183629075,-0.0008945557987231256,-0.0008436940710247907,0.39875035501278044,0.6973926261422774,-0.007135769812878932,0.005858678085468228
EFF_DOWN_CONTINUE_SHORT,EFFICIENT_DOWN,SHORT,30,0.0,28168,-0.0003622951266819525,-0.0005907044333557376,-0.00042525683038553393,-0.0003795968648137015,0.45501988071570576,0.8848661673379384,-0.008921685154624636,0.008572083723233759
EFF_DOWN_CONTINUE_SHORT,EFFICIENT_DOWN,SHORT,30,0.0004,28168,-0.0007622951266819524,-0.0009907044333557376,-0.0008252568303855339,-0.0007795968648137014,0.42619284294234594,0.7738145871800748,-0.009321685154624636,0.00817208372323376
EFF_DOWN_CONTINUE_SHORT,EFFICIENT_DOWN,SHORT,30,0.0006,28168,-0.0009622951266819527,-0.0011907044333557375,-0.0010252568303855346,-0.0009795968648137017,0.41149531383129795,0.723985956789831,-0.009521685154624636,0.007972083723233759
EFF_DOWN_CONTINUE_SHORT,EFFICIENT_DOWN,SHORT,60,0.0,28168,-0.00058416031713733,-0.0007688702924923962,-0.0006159465859718599,-0.000560265901437533,0.45423885259869357,0.8593570990328775,-0.011893720382629947,0.011225684847282359
EFF_DOWN_CONTINUE_SHORT,EFFICIENT_DOWN,SHORT,60,0.0004,28168,-0.0009841603171373298,-0.0011688702924923962,-0.00101594658597186,-0.0009602659014375331,0.43190854870775347,0.7751109377855059,-0.012293720382629946,0.01082568484728236
EFF_DOWN_CONTINUE_SHORT,EFFICIENT_DOWN,SHORT,60,0.0006,28168,-0.0011841603171373304,-0.001368870292492396,-0.0012159465859718605,-0.001160265901437533,0.4198736154501562,0.736328503095691,-0.012493720382629947,0.010625684847282359
EFF_DOWN_REVERSE_LONG,EFFICIENT_DOWN,LONG,5,0.0,28168,0.0001010638203585818,0.00022265336856508444,0.00014250749521217484,0.00012122927273209638,0.536672820221528,1.0754946379383614,-0.003969386154676046,0.004019444145880111
EFF_DOWN_REVERSE_LONG,EFFICIENT_DOWN,LONG,5,0.0004,28168,-0.00029893617964141825,-0.00017734663143491558,-0.00025749250478782526,-0.0002787707272679038,0.4691493893780176,0.8055193344180817,-0.0043693861546760466,0.0036194441458801112
EFF_DOWN_REVERSE_LONG,EFFICIENT_DOWN,LONG,5,0.0006,28168,-0.0004989361796414181,-0.0003773466314349155,-0.0004574925047878255,-0.00047877072726790345,0.43709173530247086,0.6969770010756803,-0.004569386154676046,0.0034194441458801116
EFF_DOWN_REVERSE_LONG,EFFICIENT_DOWN,LONG,15,0.0,28168,0.00021186073303640525,0.0004594676183629076,0.00029455579872312453,0.00024369407102479054,0.5453351320647544,1.0996077699812645,-0.006458678085468228,0.00653576981287893
EFF_DOWN_REVERSE_LONG,EFFICIENT_DOWN,LONG,15,0.0004,28168,-0.00018813926696359474,5.9467618362907596e-05,-0.00010544420127687486,-0.00015630592897520956,0.5059997159897757,0.918783077482513,-0.006858678085468228,0.00613576981287893
EFF_DOWN_REVERSE_LONG,EFFICIENT_DOWN,LONG,15,0.0006,28168,-0.0003881392669635948,-0.00014053238163709233,-0.0003054442012768754,-0.00035630592897520943,0.4849829593865379,0.8394385142104506,-0.007058678085468228,0.00593576981287893
EFF_DOWN_REVERSE_LONG,EFFICIENT_DOWN,LONG,30,0.0,28168,0.0003622951266819525,0.0005907044333557376,0.0004252568303855345,0.000379596864813701,0.543808577108776,1.130114402507256,-0.008572083723233759,0.008921685154624635
EFF_DOWN_REVERSE_LONG,EFFICIENT_DOWN,LONG,30,0.0004,28168,-3.7704873318047385e-05,0.00019070443335573762,2.525683038553428e-05,-2.040313518629903e-05,0.5131709741550696,0.9873166405551933,-0.008972083723233758,0.008521685154624635
EFF_DOWN_REVERSE_LONG,EFFICIENT_DOWN,LONG,30,0.0006,28168,-0.0002377048733180476,-9.295566644262313e-06,-0.00017474316961446653,-0.00022040313518629912,0.4992189718829878,0.9226105366313965,-0.009172083723233759,0.008321685154624635
EFF_DOWN_REVERSE_LONG,EFFICIENT_DOWN,LONG,60,0.0,28168,0.00058416031713733,0.0007688702924923962,0.0006159465859718599,0.0005602659014375317,0.5448026128940642,1.1636606029384087,-0.011225684847282359,0.011893720382629947
EFF_DOWN_REVERSE_LONG,EFFICIENT_DOWN,LONG,60,0.0004,28168,0.00018416031713733026,0.0003688702924923962,0.00021594658597185948,0.00016026590143753194,0.52179778472025,1.049030676800678,-0.011625684847282358,0.011493720382629947
EFF_DOWN_REVERSE_LONG,EFFICIENT_DOWN,LONG,60,0.0006,28168,-1.5839682862670406e-05,0.0001688702924923963,1.594658597185978e-05,-3.973409856246831e-05,0.5107213859698949,0.9958887699840557,-0.011825684847282358,0.011293720382629947
FRAG_UP_REVERSE_SHORT,FRAGILE_UP,SHORT,5,0.0,263,-6.652731012291236e-05,4.795243118826953e-05,1.630737219254095e-05,-1.3451368160896343e-05,0.532319391634981,0.8794165374526463,-0.001755776017196231,0.0017683036204421806
FRAG_UP_REVERSE_SHORT,FRAGILE_UP,SHORT,5,0.0004,263,-0.0004665273101229123,-0.0003520475688117305,-0.0003836926278074589,-0.0004134513681608963,0.3155893536121673,0.4039806323352936,-0.0021557760171962313,0.0013683036204421807
FRAG_UP_REVERSE_SHORT,FRAGILE_UP,SHORT,5,0.0006,263,-0.0006665273101229124,-0.0005520475688117304,-0.0005836926278074589,-0.0006134513681608963,0.26996197718631176,0.2780964827805378,-0.002355776017196231,0.0011683036204421808
FRAG_UP_REVERSE_SHORT,FRAGILE_UP,SHORT,15,0.0,263,-0.00029922729642339294,-0.00015023035320815836,-0.0002612984640931208,-0.0002719105532017689,0.45627376425855515,0.7197599733266223,-0.003187893897040794,0.0021082077702264893
FRAG_UP_REVERSE_SHORT,FRAGILE_UP,SHORT,15,0.0004,263,-0.000699227296423393,-0.0005502303532081583,-0.0006612984640931211,-0.0006719105532017689,0.34980988593155893,0.4646146026514326,-0.003587893897040794,0.0017082077702264891
FRAG_UP_REVERSE_SHORT,FRAGILE_UP,SHORT,15,0.0006,263,-0.0008992272964233929,-0.0007502303532081583,-0.0008612984640931207,-0.0008719105532017688,0.311787072243346,0.3754646136828629,-0.0037878938970407937,0.0015082077702264893
FRAG_UP_REVERSE_SHORT,FRAGILE_UP,SHORT,30,0.0,263,-5.466259601526946e-05,-9.350743527236638e-05,-6.522813621813937e-05,-9.430093966310441e-05,0.49049429657794674,0.9583948363393691,-0.0036569272625667447,0.003984686061800225
FRAG_UP_REVERSE_SHORT,FRAGILE_UP,SHORT,30,0.0004,263,-0.0004546625960152695,-0.0004935074352723663,-0.00046522813621813967,-0.0004943009396631044,0.43346007604562736,0.7029508723567397,-0.004056927262566745,0.0035846860618002243
FRAG_UP_REVERSE_SHORT,FRAGILE_UP,SHORT,30,0.0006,263,-0.0006546625960152694,-0.0006935074352723663,-0.0006652281362181393,-0.0006943009396631043,0.39923954372623577,0.6027133031217121,-0.004256927262566745,0.0033846860618002247
FRAG_UP_REVERSE_SHORT,FRAGILE_UP,SHORT,60,0.0,263,-0.0005818648986285636,-6.538796861388363e-05,-0.0005075753354159535,-0.0005248335341828777,0.49049429657794674,0.7248690915701759,-0.006813234759679165,0.004474772705226449
FRAG_UP_REVERSE_SHORT,FRAGILE_UP,SHORT,60,0.0004,263,-0.0009818648986285635,-0.00046538796861388365,-0.0009075753354159531,-0.0009248335341828776,0.4220532319391635,0.5789578580186531,-0.007213234759679165,0.004074772705226449
FRAG_UP_REVERSE_SHORT,FRAGILE_UP,SHORT,60,0.0006,263,-0.0011818648986285636,-0.0006653879686138836,-0.0011075753354159543,-0.0011248335341828776,0.376425855513308,0.5182460643949945,-0.0074132347596791645,0.003874772705226449
FRAG_UP_CONTINUE_LONG,FRAGILE_UP,LONG,5,0.0,263,6.652731012291236e-05,-4.795243118826953e-05,-1.630737219254095e-05,1.3451368160896316e-05,0.46387832699619774,1.1371175744507156,-0.0017683036204421796,0.0017557760171962315
FRAG_UP_CONTINUE_LONG,FRAGILE_UP,LONG,5,0.0004,263,-0.0003334726898770876,-0.00044795243118826955,-0.0004163073721925408,-0.00038654863183910373,0.311787072243346,0.5451717046505679,-0.0021683036204421797,0.0013557760171962316
FRAG_UP_CONTINUE_LONG,FRAGILE_UP,LONG,5,0.0006,263,-0.0005334726898770874,-0.0006479524311882695,-0.0006163073721925408,-0.0005865486318391036,0.27756653992395436,0.3904787639916456,-0.0023683036204421794,0.0011557760171962317
FRAG_UP_CONTINUE_LONG,FRAGILE_UP,LONG,15,0.0,263,0.00029922729642339294,0.00015023035320815836,0.0002612984640931208,0.0002719105532017685,0.5361216730038023,1.3893520577118932,-0.002108207770226489,0.003187893897040796
FRAG_UP_CONTINUE_LONG,FRAGILE_UP,LONG,15,0.0004,263,-0.00010077270357660718,-0.00024976964679184166,-0.0001387015359068797,-0.00012808944679823156,0.4600760456273764,0.8961452986107146,-0.002508207770226489,0.002787893897040796
FRAG_UP_CONTINUE_LONG,FRAGILE_UP,LONG,15,0.0006,263,-0.0003007727035766069,-0.0004497696467918416,-0.00033870153590687916,-0.00032808944679823133,0.41064638783269963,0.7224687477113069,-0.0027082077702264887,0.002587893897040796
FRAG_UP_CONTINUE_LONG,FRAGILE_UP,LONG,30,0.0,263,5.466259601526946e-05,9.350743527236638e-05,6.522813621813937e-05,9.430093966310347e-05,0.5095057034220533,1.0434112978107684,-0.003984686061800224,0.0036569272625667447
FRAG_UP_CONTINUE_LONG,FRAGILE_UP,LONG,30,0.0004,263,-0.00034533740398473074,-0.00030649256472763364,-0.00033477186378186134,-0.00030569906033689665,0.4524714828897338,0.7643409124999758,-0.004384686061800224,0.0032569272625667446
FRAG_UP_CONTINUE_LONG,FRAGILE_UP,LONG,30,0.0006,263,-0.0005453374039847303,-0.0005064925647276336,-0.0005347718637818605,-0.0005056990603368964,0.4220532319391635,0.654358023806798,-0.004584686061800224,0.003056927262566745
FRAG_UP_CONTINUE_LONG,FRAGILE_UP,LONG,60,0.0,263,0.0005818648986285636,6.538796861388363e-05,0.0005075753354159535,0.0005248335341828773,0.5095057034220533,1.379559442704129,-0.0044747727052264485,0.006813234759679168
FRAG_UP_CONTINUE_LONG,FRAGILE_UP,LONG,60,0.0004,263,0.00018186489862856358,-0.0003346120313861164,0.00010757533541595327,0.0001248335341828773,0.4714828897338403,1.1048145756914325,-0.004874772705226449,0.006413234759679168
FRAG_UP_CONTINUE_LONG,FRAGILE_UP,LONG,60,0.0006,263,-1.813510137143641e-05,-0.0005346120313861163,-9.242466458404672e-05,-7.516646581712246e-05,0.44866920152091255,0.9901610550131559,-0.005074772705226448,0.006213234759679168
FRAG_DOWN_REVERSE_LONG,FRAGILE_DOWN,LONG,5,0.0,207,-1.4939345940483364e-05,5.389237692332571e-05,-2.819769525742903e-06,7.886296159310297e-06,0.5072463768115942,0.9713899952241651,-0.0016712543188298179,0.0015741992445406086
FRAG_DOWN_REVERSE_LONG,FRAGILE_DOWN,LONG,5,0.0004,207,-0.0004149393459404834,-0.0003461076230766743,-0.0004028197695257427,-0.0003921137038406898,0.3285024154589372,0.4496539153344116,-0.002071254318829818,0.0011741992445406086
FRAG_DOWN_REVERSE_LONG,FRAGILE_DOWN,LONG,5,0.0006,207,-0.0006149393459404833,-0.0005461076230766742,-0.0006028197695257428,-0.0005921137038406896,0.2898550724637681,0.3109199084831254,-0.0022712543188298175,0.0009741992445406086
FRAG_DOWN_REVERSE_LONG,FRAGILE_DOWN,LONG,15,0.0,207,2.5990850064971336e-05,0.00015758951084210437,0.00011135919160925176,9.688432888369659e-05,0.5265700483091788,1.0254155638048104,-0.0032415281341618522,0.0030760770190598756
FRAG_DOWN_REVERSE_LONG,FRAGILE_DOWN,LONG,15,0.0004,207,-0.0003740091499350287,-0.00024241048915789564,-0.00028864080839074866,-0.0003031156711163035,0.463768115942029,0.69488128987855,-0.0036415281341618524,0.0026760770190598754
FRAG_DOWN_REVERSE_LONG,FRAGILE_DOWN,LONG,15,0.0006,207,-0.0005740091499350286,-0.0004424104891578956,-0.0004886408083907482,-0.0005031156711163033,0.4396135265700483,0.5701978672996085,-0.003841528134161852,0.0024760770190598758
FRAG_DOWN_REVERSE_LONG,FRAGILE_DOWN,LONG,30,0.0,207,0.00019734361463314483,0.000396497604493673,0.0002710683175491121,0.00020065283238867286,0.5797101449275363,1.157392226611328,-0.004498561685873282,0.004025846861399707
FRAG_DOWN_REVERSE_LONG,FRAGILE_DOWN,LONG,30,0.0004,207,-0.00020265638536685516,-3.5023955063270243e-06,-0.00012893168245088857,-0.00019934716761132713,0.4975845410628019,0.8590310842990426,-0.004898561685873282,0.003625846861399707
FRAG_DOWN_REVERSE_LONG,FRAGILE_DOWN,LONG,30,0.0006,207,-0.00040265638536685506,-0.00020350239550632695,-0.0003289316824508876,-0.000399347167611327,0.46859903381642515,0.7387287507468092,-0.0050985616858732815,0.0034258468613997074
FRAG_DOWN_REVERSE_LONG,FRAGILE_DOWN,LONG,60,0.0,207,0.00032256123834408234,0.00039920772620494205,0.00030259698094347844,0.00024138568280808502,0.5555555555555556,1.1928883116056959,-0.005705334491628178,0.0056262434208433024
FRAG_DOWN_REVERSE_LONG,FRAGILE_DOWN,LONG,60,0.0004,207,-7.74387616559176e-05,-7.922737950579709e-07,-9.740301905652203e-05,-0.00015861431719191502,0.4975845410628019,0.9583466083584421,-0.006105334491628178,0.005226243420843302
FRAG_DOWN_REVERSE_LONG,FRAGILE_DOWN,LONG,60,0.0006,207,-0.0002774387616559176,-0.0002007922737950579,-0.00029740301905652167,-0.0003586143171919148,0.47342995169082125,0.8585853653282018,-0.0063053344916281775,0.005026243420843303
FRAG_DOWN_CONTINUE_SHORT,FRAGILE_DOWN,SHORT,5,0.0,207,1.4939345940483364e-05,-5.389237692332571e-05,2.819769525742903e-06,-7.886296159310448e-06,0.48792270531400966,1.029452645092595,-0.0015741992445406083,0.0016712543188298185
FRAG_DOWN_CONTINUE_SHORT,FRAGILE_DOWN,SHORT,5,0.0004,207,-0.0003850606540595166,-0.00045389237692332573,-0.0003971802304742569,-0.0004078862961593104,0.34299516908212563,0.4826533556079233,-0.0019741992445406085,0.0012712543188298185
FRAG_DOWN_CONTINUE_SHORT,FRAGILE_DOWN,SHORT,5,0.0006,207,-0.0005850606540595166,-0.0006538923769233257,-0.0005971802304742569,-0.0006078862961593105,0.2946859903381642,0.33649612462340794,-0.002174199244540608,0.0010712543188298187
FRAG_DOWN_CONTINUE_SHORT,FRAGILE_DOWN,SHORT,15,0.0,207,-2.5990850064971336e-05,-0.00015758951084210437,-0.00011135919160925176,-9.688432888369684e-05,0.47342995169082125,0.9752143767834909,-0.003076077019059875,0.003241528134161855
FRAG_DOWN_CONTINUE_SHORT,FRAGILE_DOWN,SHORT,15,0.0004,207,-0.0004259908500649713,-0.0005575895108421043,-0.0005113591916092522,-0.0004968843288836969,0.3961352657004831,0.6651892595339421,-0.0034760770190598754,0.0028415281341618547
FRAG_DOWN_CONTINUE_SHORT,FRAGILE_DOWN,SHORT,15,0.0006,207,-0.0006259908500649712,-0.0007575895108421043,-0.0007113591916092515,-0.0006968843288836968,0.3526570048309179,0.5519182958462073,-0.003676077019059875,0.002641528134161855
FRAG_DOWN_CONTINUE_SHORT,FRAGILE_DOWN,SHORT,30,0.0,207,-0.00019734361463314483,-0.000396497604493673,-0.0002710683175491121,-0.0002006528323886731,0.41545893719806765,0.8640113325521903,-0.004025846861399706,0.004498561685873282
FRAG_DOWN_CONTINUE_SHORT,FRAGILE_DOWN,SHORT,30,0.0004,207,-0.0005973436146331449,-0.000796497604493673,-0.0006710683175491123,-0.0006006528323886732,0.3526570048309179,0.648252980404018,-0.0044258468613997065,0.0040985616858732815
FRAG_DOWN_CONTINUE_SHORT,FRAGILE_DOWN,SHORT,30,0.0006,207,-0.0007973436146331449,-0.0009964976044936728,-0.0008710683175491121,-0.0008006528323886731,0.3285024154589372,0.5642664767974269,-0.004625846861399706,0.0038985616858732814
FRAG_DOWN_CONTINUE_SHORT,FRAGILE_DOWN,SHORT,60,0.0,207,-0.00032256123834408234,-0.00039920772620494205,-0.00030259698094347844,-0.00024138568280808532,0.4396135265700483,0.8383014489042505,-0.0056262434208433024,0.005705334491628178
FRAG_DOWN_CONTINUE_SHORT,FRAGILE_DOWN,SHORT,60,0.0004,207,-0.000722561238344082,-0.000799207726204942,-0.0007025969809434781,-0.0006413856828080851,0.40096618357487923,0.6752092114501759,-0.006026243420843303,0.0053053344916281775
FRAG_DOWN_CONTINUE_SHORT,FRAGILE_DOWN,SHORT,60,0.0006,207,-0.0009225612383440823,-0.0009992077262049419,-0.0009025969809434785,-0.0008413856828080851,0.3719806763285024,0.6067876587838211,-0.006226243420843302,0.005105334491628178
