era,symbol,strategy,cost,windows,total_samples,positive_windows,positive_window_rate,pf_above_1_rate,median_profit_factor,median_window_return,pooled_mean_return,pooled_median_return,pooled_win_rate,pooled_profit_factor
DEV_2026_FEB_JUL,BNBUSDT,ATR_080_100,0.0,6,145,5,0.8333333333333334,0.8333333333333334,1.2509288696037122,0.00033935162647126787,0.0006100324367927907,-0.0006054918107232243,0.43448275862068964,1.441295490660162
DEV_2026_FEB_JUL,BNBUSDT,ATR_080_100,0.0002,6,145,4,0.6666666666666666,0.6666666666666666,1.0947483551975825,0.00013935162647126775,0.00041003243679279085,-0.0008054918107232243,0.43448275862068964,1.2741828612517376
DEV_2026_FEB_JUL,BNBUSDT,ATR_080_100,0.0004,6,145,2,0.3333333333333333,0.3333333333333333,0.961625928377394,-6.0648373528732026e-05,0.00021003243679279038,-0.0010054918107232243,0.42758620689655175,1.1305691530412925
DEV_2026_FEB_JUL,BNBUSDT,ATR_080_100,0.0006,6,145,2,0.3333333333333333,0.3333333333333333,0.847538154412119,-0.00026064837352873197,1.0032436792790754e-05,-0.0012054918107232242,0.3793103448275862,1.0058023791917534
DEV_2026_FEB_JUL,BNBUSDT,ATR_080_100,0.0008,6,145,2,0.3333333333333333,0.3333333333333333,0.7507282117969338,-0.0004606483735287323,-0.00018996756320720936,-0.0014054918107232243,0.35172413793103446,0.8976982837160623
DEV_2026_FEB_JUL,BNBUSDT,BASE_SHORT,0.0,6,514,3,0.5,0.5,1.0238085577610598,3.420742594704858e-05,-1.6316767936111163e-05,-0.0005420525736134496,0.4260700389105058,0.9916324039465165
DEV_2026_FEB_JUL,BNBUSDT,BASE_SHORT,0.0002,6,514,2,0.3333333333333333,0.3333333333333333,0.8935467592139443,-0.00016579257405295147,-0.0002163167679361111,-0.0007420525736134496,0.4046692607003891,0.8953116654234704
DEV_2026_FEB_JUL,BNBUSDT,BASE_SHORT,0.0004,6,514,1,0.16666666666666666,0.16666666666666666,0.7815064292948939,-0.00036579257405295153,-0.0004163167679361112,-0.0009420525736134496,0.38910505836575876,0.8095968900016378
DEV_2026_FEB_JUL,BNBUSDT,BASE_SHORT,0.0006,6,514,0,0.0,0.0,0.685625789074591,-0.0005657925740529515,-0.0006163167679361112,-0.0011420525736134494,0.36186770428015563,0.7333452471689945
DEV_2026_FEB_JUL,BNBUSDT,BASE_SHORT,0.0008,6,514,0,0.0,0.0,0.6032914515840819,-0.0007657925740529516,-0.0008163167679361113,-0.0013420525736134495,0.34824902723735407,0.665542208897478
DEV_2026_FEB_JUL,BTCUSDT,ATR_080_100,0.0,6,130,4,0.6666666666666666,0.6666666666666666,1.4212629870373172,0.0006329456334668969,0.00022754125324611843,-0.0004071407324908738,0.4307692307692308,1.1363954732534347
DEV_2026_FEB_JUL,BTCUSDT,ATR_080_100,0.0002,6,130,4,0.6666666666666666,0.6666666666666666,1.2780968344411452,0.000432945633466897,2.754125324611868e-05,-0.0006071407324908738,0.4230769230769231,1.0154515660732195
DEV_2026_FEB_JUL,BTCUSDT,ATR_080_100,0.0004,6,130,4,0.6666666666666666,0.6666666666666666,1.150654923238843,0.00023294563346689675,-0.00017245874675388177,-0.0008071407324908738,0.38461538461538464,0.909291146022525
DEV_2026_FEB_JUL,BTCUSDT,ATR_080_100,0.0006,6,130,3,0.5,0.5,1.0280849762377777,3.294563346689705e-05,-0.0003724587467538815,-0.0010071407324908736,0.36923076923076925,0.8161814615921474
DEV_2026_FEB_JUL,BTCUSDT,ATR_080_100,0.0008,6,130,1,0.16666666666666666,0.16666666666666666,0.9120900139277754,-0.00016705436653310338,-0.0005724587467538816,-0.0012071407324908737,0.35384615384615387,0.7342038940095384
DEV_2026_FEB_JUL,BTCUSDT,BASE_SHORT,0.0,6,518,1,0.16666666666666666,0.16666666666666666,0.8110933581432077,-0.000303260641033859,-0.0002459692444545541,-0.0005749479086538112,0.4266409266409266,0.8865270301020979
DEV_2026_FEB_JUL,BTCUSDT,BASE_SHORT,0.0002,6,518,1,0.16666666666666666,0.16666666666666666,0.7164824821911477,-0.0005032606410338589,-0.000445969244454554,-0.0007749479086538112,0.4034749034749035,0.8047473643343033
DEV_2026_FEB_JUL,BTCUSDT,BASE_SHORT,0.0004,6,518,0,0.0,0.0,0.6359058126299671,-0.000703260641033859,-0.000645969244454554,-0.0009749479086538111,0.3861003861003861,0.7313977717499969
DEV_2026_FEB_JUL,BTCUSDT,BASE_SHORT,0.0006,6,518,0,0.0,0.0,0.5658432317193978,-0.0009032606410338589,-0.0008459692444545544,-0.001174947908653811,0.37065637065637064,0.6655246903577146
DEV_2026_FEB_JUL,BTCUSDT,BASE_SHORT,0.0008,6,518,0,0.0,0.0,0.5043971949400945,-0.0011032606410338592,-0.0010459692444545541,-0.0013749479086538111,0.3532818532818533,0.606237290176375
DEV_2026_FEB_JUL,ETHUSDT,ATR_080_100,0.0,6,144,5,0.8333333333333334,0.8333333333333334,1.782409763913966,0.0012335922175485475,0.0011531217599605559,-0.00011240197079948056,0.4791666666666667,1.5340608522020438
DEV_2026_FEB_JUL,ETHUSDT,ATR_080_100,0.0002,6,144,5,0.8333333333333334,0.8333333333333334,1.6149407621730574,0.0010335922175485476,0.0009531217599605563,-0.00031240197079948054,0.4652777777777778,1.4208857904786778
DEV_2026_FEB_JUL,ETHUSDT,ATR_080_100,0.0004,6,144,5,0.8333333333333334,0.8333333333333334,1.4655625625798645,0.0008335922175485473,0.000753121759960556,-0.0005124019707994805,0.4583333333333333,1.3175550754357699
DEV_2026_FEB_JUL,ETHUSDT,ATR_080_100,0.0006,6,144,5,0.8333333333333334,0.8333333333333334,1.3326046325383272,0.0006335922175485474,0.0005531217599605557,-0.0007124019707994805,0.4513888888888889,1.2229894061880362
DEV_2026_FEB_JUL,ETHUSDT,ATR_080_100,0.0008,6,144,5,0.8333333333333334,0.8333333333333334,1.2143881248255077,0.0004335922175485473,0.0003531217599605557,-0.0009124019707994806,0.4375,1.1362097926289159
DEV_2026_FEB_JUL,ETHUSDT,BASE_SHORT,0.0,6,553,3,0.5,0.5,1.0297492485737556,0.00010046982037649046,-0.00015541634906465445,-0.0008436427334024277,0.4159132007233273,0.9468185268582296
DEV_2026_FEB_JUL,ETHUSDT,BASE_SHORT,0.0002,6,553,3,0.5,0.5,0.9574546613168611,-9.953017962350939e-05,-0.0003554163490646542,-0.0010436427334024278,0.4014466546112116,0.8831168333499706
DEV_2026_FEB_JUL,ETHUSDT,BASE_SHORT,0.0004,6,553,1,0.16666666666666666,0.16666666666666666,0.8705875702002566,-0.00029953017962350953,-0.0005554163490646543,-0.0012436427334024276,0.39783001808318263,0.8242784714371153
DEV_2026_FEB_JUL,ETHUSDT,BASE_SHORT,0.0006,6,553,0,0.0,0.0,0.7992307073056832,-0.0004995301796235095,-0.0007554163490646546,-0.0014436427334024275,0.38517179023508136,0.7698871834331066
DEV_2026_FEB_JUL,ETHUSDT,BASE_SHORT,0.0008,6,553,0,0.0,0.0,0.7432996894510975,-0.0006995301796235096,-0.0009554163490646547,-0.0016436427334024276,0.3688969258589512,0.7196176972450322
DEV_2026_FEB_JUL,SOLUSDT,ATR_080_100,0.0,6,144,5,0.8333333333333334,0.8333333333333334,1.4293868304757598,0.000895619103004547,0.0003552412005622358,-0.00025634778417010784,0.4791666666666667,1.1479401102196378
DEV_2026_FEB_JUL,SOLUSDT,ATR_080_100,0.0002,6,144,5,0.8333333333333334,0.8333333333333334,1.340453522552687,0.0006956191030045469,0.000155241200562236,-0.0004563477841701078,0.4652777777777778,1.0619345524145014
DEV_2026_FEB_JUL,SOLUSDT,ATR_080_100,0.0004,6,144,4,0.6666666666666666,0.6666666666666666,1.2570733248551056,0.0004956191030045472,-4.475879943776432e-05,-0.0006563477841701078,0.4444444444444444,0.9828838828490748
DEV_2026_FEB_JUL,SOLUSDT,ATR_080_100,0.0006,6,144,4,0.6666666666666666,0.6666666666666666,1.1496184705487642,0.00029561910300454706,-0.0002447587994377642,-0.0008563477841701078,0.4027777777777778,0.9103689118961049
DEV_2026_FEB_JUL,SOLUSDT,ATR_080_100,0.0008,6,144,4,0.6666666666666666,0.6666666666666666,1.0373377163701383,9.56191030045469e-05,-0.0004447587994377643,-0.0010563477841701078,0.3888888888888889,0.84406943797107
DEV_2026_FEB_JUL,SOLUSDT,BASE_SHORT,0.0,6,505,3,0.5,0.5,1.0218527006145872,3.3565939238664635e-05,-0.00015271062056922615,-0.000528890651857572,0.45544554455445546,0.9487173642587508
DEV_2026_FEB_JUL,SOLUSDT,BASE_SHORT,0.0002,6,505,2,0.3333333333333333,0.3333333333333333,0.9486511710043943,-0.000166434060761335,-0.00035271062056922605,-0.000728890651857572,0.4396039603960396,0.8857812448992234
DEV_2026_FEB_JUL,SOLUSDT,BASE_SHORT,0.0004,6,505,1,0.16666666666666666,0.16666666666666666,0.8813487980718551,-0.0003664340607613352,-0.000552710620569226,-0.000928890651857572,0.42178217821782177,0.8273705387983699
DEV_2026_FEB_JUL,SOLUSDT,BASE_SHORT,0.0006,6,505,0,0.0,0.0,0.8193768611747831,-0.0005664340607613355,-0.0007527106205692265,-0.0011288906518575718,0.401980198019802,0.7732294028802873
DEV_2026_FEB_JUL,SOLUSDT,BASE_SHORT,0.0008,6,505,0,0.0,0.0,0.762447273722942,-0.0007664340607613357,-0.0009527106205692265,-0.001328890651857572,0.3920792079207921,0.7230529795365916
DISCOVERY_2026_01,BNBUSDT,ATR_080_100,0.0,1,23,1,1.0,1.0,4.777203699670719,0.001808983079602253,0.001808983079602253,0.0007022315357692044,0.6521739130434783,4.777203699670719
DISCOVERY_2026_01,BNBUSDT,ATR_080_100,0.0002,1,23,1,1.0,1.0,3.933496457208273,0.0016089830796022534,0.0016089830796022534,0.0005022315357692044,0.6521739130434783,3.933496457208273
DISCOVERY_2026_01,BNBUSDT,ATR_080_100,0.0004,1,23,1,1.0,1.0,3.2676947703963717,0.0014089830796022527,0.0014089830796022527,0.00030223153576920437,0.5652173913043478,3.2676947703963717
DISCOVERY_2026_01,BNBUSDT,ATR_080_100,0.0006,1,23,1,1.0,1.0,2.6984311671211034,0.0012089830796022532,0.0012089830796022532,0.00010223153576920444,0.5217391304347826,2.6984311671211034
DISCOVERY_2026_01,BNBUSDT,ATR_080_100,0.0008,1,23,1,1.0,1.0,2.24300883334915,0.0010089830796022527,0.0010089830796022527,-9.776846423079565e-05,0.4782608695652174,2.24300883334915
DISCOVERY_2026_01,BNBUSDT,BASE_SHORT,0.0,1,89,1,1.0,1.0,1.5347479646584965,0.0009305591861877437,0.0009305591861877437,0.0004542477446070059,0.550561797752809,1.5347479646584965
DISCOVERY_2026_01,BNBUSDT,BASE_SHORT,0.0002,1,89,1,1.0,1.0,1.3985269698076945,0.0007305591861877439,0.0007305591861877439,0.0002542477446070059,0.5280898876404494,1.3985269698076945
DISCOVERY_2026_01,BNBUSDT,BASE_SHORT,0.0004,1,89,1,1.0,1.0,1.275137780873496,0.0005305591861877437,0.0005305591861877437,5.424774460700588e-05,0.5168539325842697,1.275137780873496
DISCOVERY_2026_01,BNBUSDT,BASE_SHORT,0.0006,1,89,1,1.0,1.0,1.1628994933714312,0.00033055918618774373,0.00033055918618774373,-0.00014575225539299405,0.48314606741573035,1.1628994933714312
DISCOVERY_2026_01,BNBUSDT,BASE_SHORT,0.0008,1,89,1,1.0,1.0,1.0610396276636183,0.0001305591861877434,0.0001305591861877434,-0.00034575225539299414,0.43820224719101125,1.0610396276636183
DISCOVERY_2026_01,BTCUSDT,ATR_080_100,0.0,1,19,1,1.0,1.0,1.5887052963104786,0.0005624535518071212,0.0005624535518071212,0.0002710638759257922,0.5263157894736842,1.5887052963104786
DISCOVERY_2026_01,BTCUSDT,ATR_080_100,0.0002,1,19,1,1.0,1.0,1.3451463582139158,0.00036245355180712115,0.00036245355180712115,7.106387592579217e-05,0.5263157894736842,1.3451463582139158
DISCOVERY_2026_01,BTCUSDT,ATR_080_100,0.0004,1,19,1,1.0,1.0,1.14105942685625,0.00016245355180712109,0.00016245355180712109,-0.00012893612407420784,0.47368421052631576,1.14105942685625
DISCOVERY_2026_01,BTCUSDT,ATR_080_100,0.0006,1,19,0,0.0,0.0,0.9701284640022476,-3.7546448192878606e-05,-3.7546448192878606e-05,-0.00032893612407420777,0.47368421052631576,0.9701284640022476
DISCOVERY_2026_01,BTCUSDT,ATR_080_100,0.0008,1,19,0,0.0,0.0,0.8261046821730321,-0.00023754644819287893,-0.00023754644819287893,-0.0005289361240742079,0.42105263157894735,0.8261046821730321
DISCOVERY_2026_01,BTCUSDT,BASE_SHORT,0.0,1,91,1,1.0,1.0,2.3597117642295897,0.001455612688624005,0.001455612688624005,0.0002710638759257922,0.5164835164835165,2.3597117642295897
DISCOVERY_2026_01,BTCUSDT,BASE_SHORT,0.0002,1,91,1,1.0,1.0,2.075118411138769,0.001255612688624005,0.001255612688624005,7.106387592579217e-05,0.5054945054945055,2.075118411138769
DISCOVERY_2026_01,BTCUSDT,BASE_SHORT,0.0004,1,91,1,1.0,1.0,1.8303524964741296,0.001055612688624005,0.001055612688624005,-0.00012893612407420784,0.46153846153846156,1.8303524964741296
DISCOVERY_2026_01,BTCUSDT,BASE_SHORT,0.0006,1,91,1,1.0,1.0,1.619535705316086,0.0008556126886240051,0.0008556126886240051,-0.00032893612407420777,0.45054945054945056,1.619535705316086
DISCOVERY_2026_01,BTCUSDT,BASE_SHORT,0.0008,1,91,1,1.0,1.0,1.4387469307061047,0.0006556126886240051,0.0006556126886240051,-0.0005289361240742079,0.4175824175824176,1.4387469307061047
DISCOVERY_2026_01,ETHUSDT,ATR_080_100,0.0,1,22,0,0.0,0.0,0.536748205146184,-0.0008261164083343188,-0.0008261164083343188,-0.0005324000370974247,0.45454545454545453,0.536748205146184
DISCOVERY_2026_01,ETHUSDT,ATR_080_100,0.0002,1,22,0,0.0,0.0,0.4577668868247576,-0.0010261164083343185,-0.0010261164083343185,-0.0007324000370974248,0.45454545454545453,0.4577668868247576
DISCOVERY_2026_01,ETHUSDT,ATR_080_100,0.0004,1,22,0,0.0,0.0,0.38847054694319477,-0.0012261164083343192,-0.0012261164083343192,-0.0009324000370974246,0.4090909090909091,0.38847054694319477
DISCOVERY_2026_01,ETHUSDT,ATR_080_100,0.0006,1,22,0,0.0,0.0,0.3283281710785312,-0.001426116408334319,-0.001426116408334319,-0.0011324000370974245,0.36363636363636365,0.3283281710785312
DISCOVERY_2026_01,ETHUSDT,ATR_080_100,0.0008,1,22,0,0.0,0.0,0.27744429797970677,-0.001626116408334319,-0.001626116408334319,-0.0013324000370974246,0.36363636363636365,0.27744429797970677
DISCOVERY_2026_01,ETHUSDT,BASE_SHORT,0.0,1,103,1,1.0,1.0,1.17805308775171,0.00047563018836060847,0.00047563018836060847,-0.00066743354883958,0.4563106796116505,1.17805308775171
DISCOVERY_2026_01,ETHUSDT,BASE_SHORT,0.0002,1,103,1,1.0,1.0,1.0991302539425831,0.0002756301883606086,0.0002756301883606086,-0.0008674335488395799,0.44660194174757284,1.0991302539425831
DISCOVERY_2026_01,ETHUSDT,BASE_SHORT,0.0004,1,103,1,1.0,1.0,1.026121007628005,7.56301883606088e-05,7.56301883606088e-05,-0.00106743354883958,0.4077669902912621,1.026121007628005
DISCOVERY_2026_01,ETHUSDT,BASE_SHORT,0.0006,1,103,0,0.0,0.0,0.9587337119246782,-0.0001243698116393918,-0.0001243698116393918,-0.0012674335488395798,0.39805825242718446,0.9587337119246782
DISCOVERY_2026_01,ETHUSDT,BASE_SHORT,0.0008,1,103,0,0.0,0.0,0.8965645463495362,-0.0003243698116393915,-0.0003243698116393915,-0.0014674335488395799,0.3883495145631068,0.8965645463495362
DISCOVERY_2026_01,SOLUSDT,ATR_080_100,0.0,1,23,1,1.0,1.0,4.889477077477218,0.0025922245081227593,0.0025922245081227593,0.0025790921595598704,0.7391304347826086,4.889477077477218
DISCOVERY_2026_01,SOLUSDT,ATR_080_100,0.0002,1,23,1,1.0,1.0,4.328798066540459,0.0023922245081227592,0.0023922245081227592,0.0023790921595598703,0.7391304347826086,4.328798066540459
DISCOVERY_2026_01,SOLUSDT,ATR_080_100,0.0004,1,23,1,1.0,1.0,3.8366683320649155,0.00219222450812276,0.00219222450812276,0.00217909215955987,0.6521739130434783,3.8366683320649155
DISCOVERY_2026_01,SOLUSDT,ATR_080_100,0.0006,1,23,1,1.0,1.0,3.364989790378438,0.0019922245081227586,0.0019922245081227586,0.0019790921595598705,0.6521739130434783,3.364989790378438
DISCOVERY_2026_01,SOLUSDT,ATR_080_100,0.0008,1,23,1,1.0,1.0,2.9652724862644235,0.0017922245081227583,0.0017922245081227583,0.0017790921595598704,0.6521739130434783,2.9652724862644235
DISCOVERY_2026_01,SOLUSDT,BASE_SHORT,0.0,1,80,1,1.0,1.0,2.2368672764587205,0.002666691260785821,0.002666691260785821,0.00040150527820637105,0.525,2.2368672764587205
DISCOVERY_2026_01,SOLUSDT,BASE_SHORT,0.0002,1,80,1,1.0,1.0,2.0958180654376957,0.002466691260785821,0.002466691260785821,0.00020150527820637104,0.525,2.0958180654376957
DISCOVERY_2026_01,SOLUSDT,BASE_SHORT,0.0004,1,80,1,1.0,1.0,1.9659557858451815,0.0022666912607858213,0.0022666912607858213,1.5052782063710332e-06,0.5,1.9659557858451815
DISCOVERY_2026_01,SOLUSDT,BASE_SHORT,0.0006,1,80,1,1.0,1.0,1.8437124337386053,0.0020666912607858203,0.0020666912607858203,-0.0001984947217936289,0.475,1.8437124337386053
DISCOVERY_2026_01,SOLUSDT,BASE_SHORT,0.0008,1,80,1,1.0,1.0,1.7303695716896736,0.0018666912607858202,0.0018666912607858202,-0.000398494721793629,0.4625,1.7303695716896736
HIST_2024_2025,BNBUSDT,ATR_080_100,0.0,24,547,8,0.3333333333333333,0.3333333333333333,0.9136695242031798,-0.0001480246288476564,-0.00018910928775790843,-0.000449023963699946,0.4625228519195612,0.9209017571855436
HIST_2024_2025,BNBUSDT,ATR_080_100,0.0002,24,547,7,0.2916666666666667,0.2916666666666667,0.7965039287112375,-0.00034802462884765635,-0.00038910928775790827,-0.000649023963699946,0.4424131627056673,0.8443725154874335
HIST_2024_2025,BNBUSDT,ATR_080_100,0.0004,24,547,7,0.2916666666666667,0.2916666666666667,0.6900584638212119,-0.0005480246288476565,-0.0005891092877579085,-0.000849023963699946,0.42413162705667273,0.7746368648666896
HIST_2024_2025,BNBUSDT,ATR_080_100,0.0006,24,547,7,0.2916666666666667,0.2916666666666667,0.6258916751454742,-0.0007480246288476563,-0.0007891092877579083,-0.0010490239636999459,0.4040219378427788,0.7111505852242412
HIST_2024_2025,BNBUSDT,ATR_080_100,0.0008,24,547,5,0.20833333333333334,0.20833333333333334,0.573346235359178,-0.0009480246288476562,-0.0009891092877579086,-0.001249023963699946,0.3820840950639854,0.6534116615865734
HIST_2024_2025,BNBUSDT,BASE_SHORT,0.0,24,2049,10,0.4166666666666667,0.4166666666666667,0.9622663630127152,-0.00010781570608677646,-0.00016768204945127337,-0.0004926431949554555,0.45339189848706685,0.9410078305323051
HIST_2024_2025,BNBUSDT,BASE_SHORT,0.0002,24,2049,8,0.3333333333333333,0.3333333333333333,0.8886817572505349,-0.0003078157060867764,-0.0003676820494512733,-0.0006926431949554555,0.4353343094192289,0.8755123337740734
HIST_2024_2025,BNBUSDT,BASE_SHORT,0.0004,24,2049,5,0.20833333333333334,0.20833333333333334,0.7966830555627673,-0.0005078157060867762,-0.0005676820494512731,-0.0008926431949554555,0.4172767203513909,0.8149940791791105
HIST_2024_2025,BNBUSDT,BASE_SHORT,0.0006,24,2049,4,0.16666666666666666,0.16666666666666666,0.7172842673120317,-0.0007078157060867768,-0.0007676820494512737,-0.0010926431949554553,0.4001952171791118,0.7591104178198722
HIST_2024_2025,BNBUSDT,BASE_SHORT,0.0008,24,2049,3,0.125,0.125,0.6536933842796637,-0.0009078157060867764,-0.0009676820494512735,-0.0012926431949554554,0.3850658857979502,0.7075110968645701
HIST_2024_2025,BTCUSDT,ATR_080_100,0.0,24,512,8,0.3333333333333333,0.3333333333333333,0.8322873024363198,-0.00036092991723054245,-0.00026007114945624443,-0.00047009837195766124,0.4375,0.8704368038228105
HIST_2024_2025,BTCUSDT,ATR_080_100,0.0002,24,512,7,0.2916666666666667,0.2916666666666667,0.7670595343762152,-0.0005609299172305424,-0.00046007114945624425,-0.0006700983719576612,0.416015625,0.7832049223203575
HIST_2024_2025,BTCUSDT,ATR_080_100,0.0004,24,512,7,0.2916666666666667,0.2916666666666667,0.7076531811262463,-0.0007609299172305424,-0.0006600711494562444,-0.0008700983719576612,0.39453125,0.7054608937098665
HIST_2024_2025,BTCUSDT,ATR_080_100,0.0006,24,512,6,0.25,0.25,0.6402990646865305,-0.0009609299172305423,-0.0008600711494562444,-0.001070098371957661,0.37890625,0.6360923180574455
HIST_2024_2025,BTCUSDT,ATR_080_100,0.0008,24,512,4,0.16666666666666666,0.16666666666666666,0.5774996077046257,-0.0011609299172305424,-0.0010600711494562444,-0.0012700983719576612,0.361328125,0.5741255051310429
HIST_2024_2025,BTCUSDT,BASE_SHORT,0.0,24,1969,10,0.4166666666666667,0.4166666666666667,0.9084171456504362,-0.00015216761794282493,-1.6928408416379093e-05,-0.0004146030198568518,0.44388014220416455,0.992464001366242
HIST_2024_2025,BTCUSDT,BASE_SHORT,0.0002,24,1969,8,0.3333333333333333,0.3333333333333333,0.8121535214008345,-0.0003521676179428248,-0.00021692840841637894,-0.0006146030198568518,0.42305738953783645,0.9080601263998995
HIST_2024_2025,BTCUSDT,BASE_SHORT,0.0004,24,1969,7,0.2916666666666667,0.2916666666666667,0.7440144278460337,-0.0005521676179428248,-0.00041692840841637906,-0.0008146030198568517,0.4062976130015236,0.8316430019791929
HIST_2024_2025,BTCUSDT,BASE_SHORT,0.0006,24,1969,3,0.125,0.125,0.6897460636314954,-0.0007521676179428249,-0.0006169284084163792,-0.0010146030198568516,0.3895378364652108,0.7624277162585994
HIST_2024_2025,BTCUSDT,BASE_SHORT,0.0008,24,1969,3,0.125,0.125,0.6255464963647056,-0.0009521676179428248,-0.0008169284084163792,-0.0012146030198568517,0.372270187912646,0.699717355723068
HIST_2024_2025,ETHUSDT,ATR_080_100,0.0,24,517,10,0.4166666666666667,0.4166666666666667,0.7024987413812542,-0.0008962951703645275,-0.0003038440090958479,-0.0010106788710908532,0.42166344294003866,0.8926489907522209
HIST_2024_2025,ETHUSDT,ATR_080_100,0.0002,24,517,10,0.4166666666666667,0.4166666666666667,0.65006539435546,-0.0010962951703645276,-0.0005038440090958479,-0.0012106788710908533,0.402321083172147,0.8290483012936068
HIST_2024_2025,ETHUSDT,ATR_080_100,0.0004,24,517,9,0.375,0.375,0.60204536244576,-0.0012962951703645274,-0.0007038440090958476,-0.0014106788710908532,0.3849129593810445,0.7706006867722139
HIST_2024_2025,ETHUSDT,ATR_080_100,0.0006,24,517,9,0.375,0.375,0.5581735331507961,-0.0014962951703645273,-0.0009038440090958484,-0.001610678871090853,0.36750483558994196,0.7169373286728487
HIST_2024_2025,ETHUSDT,ATR_080_100,0.0008,24,517,9,0.375,0.375,0.5070158295267004,-0.0016962951703645276,-0.001103844009095848,-0.0018106788710908531,0.3481624758220503,0.6676746364171549
HIST_2024_2025,ETHUSDT,BASE_SHORT,0.0,24,2173,11,0.4583333333333333,0.4583333333333333,0.9574203841940447,-0.00015028717855675823,3.741480815212445e-05,-0.0009747534961029869,0.43120110446387483,1.0119886484221905
HIST_2024_2025,ETHUSDT,BASE_SHORT,0.0002,24,2173,11,0.4583333333333333,0.4583333333333333,0.9018043821275461,-0.00035028717855675913,-0.00016258519184787543,-0.001174753496102987,0.417395306028532,0.9497586937898252
HIST_2024_2025,ETHUSDT,BASE_SHORT,0.0004,24,2173,7,0.2916666666666667,0.2916666666666667,0.8500880784517132,-0.0005502871785567582,-0.0003625851918478756,-0.0013747534961029869,0.40174873446847675,0.8918932795427259
HIST_2024_2025,ETHUSDT,BASE_SHORT,0.0006,24,2173,5,0.20833333333333334,0.20833333333333334,0.8050260864489167,-0.0007502871785567584,-0.0005625851918478757,-0.0015747534961029867,0.38472158306488724,0.8381254517603888
HIST_2024_2025,ETHUSDT,BASE_SHORT,0.0008,24,2173,4,0.16666666666666666,0.16666666666666666,0.7629936152044925,-0.0009502871785567573,-0.0007625851918478756,-0.0017747534961029868,0.3732167510354349,0.7881615677666309
HIST_2024_2025,SOLUSDT,ATR_080_100,0.0,24,586,11,0.4583333333333333,0.4583333333333333,0.8986367434151701,-0.00038519156505858397,-0.0005816953566935971,-0.0009040535676361761,0.42662116040955633,0.8458784896873119
HIST_2024_2025,SOLUSDT,ATR_080_100,0.0002,24,586,9,0.375,0.375,0.8521188896517939,-0.000585191565058584,-0.0007816953566935969,-0.0011040535676361761,0.4180887372013652,0.7990487911626265
HIST_2024_2025,SOLUSDT,ATR_080_100,0.0004,24,586,8,0.3333333333333333,0.3333333333333333,0.7718664276507348,-0.0007851915650585839,-0.0009816953566935968,-0.001304053567636176,0.4044368600682594,0.7550407057489683
HIST_2024_2025,SOLUSDT,ATR_080_100,0.0006,24,586,5,0.20833333333333334,0.20833333333333334,0.6997151683458023,-0.0009851915650585838,-0.0011816953566935976,-0.001504053567636176,0.3924914675767918,0.7137473657830505
HIST_2024_2025,SOLUSDT,ATR_080_100,0.0008,24,586,5,0.20833333333333334,0.20833333333333334,0.6344138520231439,-0.001185191565058584,-0.0013816953566935972,-0.001704053567636176,0.3839590443686007,0.6749388828184376
HIST_2024_2025,SOLUSDT,BASE_SHORT,0.0,24,2053,9,0.375,0.375,0.846348723801909,-0.0005124806180682945,-0.0004505617492408667,-0.0008244865200102147,0.44520214320506574,0.8909945772234259
HIST_2024_2025,SOLUSDT,BASE_SHORT,0.0002,24,2053,9,0.375,0.375,0.7959233915995034,-0.0007124806180682944,-0.0006505617492408667,-0.0010244865200102148,0.43740867023867513,0.8467526640172524
HIST_2024_2025,SOLUSDT,BASE_SHORT,0.0004,24,2053,6,0.25,0.25,0.74875668806014,-0.0009124806180682945,-0.0008505617492408664,-0.0012244865200102147,0.4227959084266926,0.8048748108752626
HIST_2024_2025,SOLUSDT,BASE_SHORT,0.0006,24,2053,3,0.125,0.125,0.7044113433232675,-0.001112480618068295,-0.0010505617492408673,-0.0014244865200102146,0.41402825133950316,0.7652673847067236
HIST_2024_2025,SOLUSDT,BASE_SHORT,0.0008,24,2053,3,0.125,0.125,0.6628463350811968,-0.0013124806180682942,-0.0012505617492408667,-0.0016244865200102146,0.4028251339503166,0.7277719336194187
