fast_span,slow_span,adx_threshold,hold_bars,split,cost,samples,mean_return,median_return,win_rate,profit_factor,max_losing_streak,q10,q90,worst_trade,best_trade
24,96,20,48,development,0.0006,5272,-0.0009204674095559466,-0.0011212378444510167,0.44233687405159333,0.8258259148009012,15,-0.01563276782432812,0.014112744307185919,-0.11602238405186267,0.10409379169421233
24,96,20,48,development,0.001,5272,-0.0013204674095559467,-0.0015212378444510169,0.42545523520485584,0.760399155638165,15,-0.01603276782432812,0.013712744307185918,-0.11642238405186267,0.10369379169421233
24,96,20,48,validation,0.0006,5285,-0.000647137991146451,-0.0007811547320204054,0.45941343424787134,0.8705466328582566,15,-0.014612604527524442,0.013624673081407027,-0.11139623654700921,0.1268160255207355
24,96,20,48,validation,0.001,5285,-0.0010471379911464514,-0.0011811547320204055,0.4399243140964995,0.7993727224793888,18,-0.015012604527524443,0.013224673081407026,-0.11179623654700921,0.1264160255207355
24,96,20,48,confirmation,0.0006,3081,-0.0008742888810437442,-0.00102745546448375,0.436222005842259,0.798987570871513,11,-0.0129341518753326,0.01117618518892376,-0.06157898230088506,0.06776172059223144
24,96,20,48,confirmation,0.001,3081,-0.0012742888810437446,-0.0014274554644837503,0.4118792599805258,0.7217429350376924,11,-0.0133341518753326,0.01077618518892376,-0.061978982300885055,0.06736172059223144
24,96,20,96,development,0.0006,3074,-0.0012860129140662567,-0.0010312475696374161,0.466818477553676,0.8319206099827228,15,-0.022196815603281336,0.020580155507841296,-0.1417750424860405,0.17258220984953937
24,96,20,96,development,0.001,3074,-0.001686012914066257,-0.0014312475696374163,0.4567338972023422,0.7856675715804113,15,-0.022596815603281337,0.020180155507841295,-0.14217504248604051,0.17218220984953936
24,96,20,96,validation,0.0006,3067,-0.0006541312164963119,-0.0007183151916706037,0.47799152266058037,0.9096297749093156,11,-0.021472824654337194,0.020957727525539992,-0.14808201438848928,0.1897008406864446
24,96,20,96,validation,0.001,3067,-0.001054131216496312,-0.0011183151916706038,0.46364525595044015,0.8585105038679257,11,-0.021872824654337195,0.02055772752553999,-0.1484820143884893,0.1893008406864446
24,96,20,96,confirmation,0.0006,1813,-1.1570759419456718e-05,-0.0010488437072707184,0.46552675124103693,0.9979669844518315,13,-0.01671475984898729,0.01793012388800423,-0.10181681415929218,0.0863777344096514
24,96,20,96,confirmation,0.001,1813,-0.0004115707594194569,-0.0014488437072707186,0.4489795918367347,0.9303383353321532,13,-0.01711475984898729,0.017530123888004227,-0.10221681415929218,0.0859777344096514
24,96,25,48,development,0.0006,4583,-0.0008664206711730925,-0.001216581293872098,0.4387955487671831,0.8383913908816996,14,-0.015543973661039677,0.014452385698809935,-0.17001373022787908,0.13814298940621378
24,96,25,48,development,0.001,4583,-0.0012664206711730929,-0.0016165812938720983,0.41893955924067205,0.77344256296018,14,-0.015943973661039678,0.014052385698809934,-0.1704137302278791,0.13774298940621377
24,96,25,48,validation,0.0006,4576,-0.0005311592158633902,-0.0008597994635993305,0.4576048951048951,0.895344270814877,12,-0.01482957374416256,0.014840572632465288,-0.2146086054877619,0.09634603447705396
24,96,25,48,validation,0.001,4576,-0.0009311592158633905,-0.0012597994635993306,0.43815559440559443,0.8241791386858464,14,-0.015229573744162561,0.014440572632465287,-0.2150086054877619,0.09594603447705397
24,96,25,48,confirmation,0.0006,2675,-0.0006971149602934093,-0.0009432835820895707,0.4407476635514019,0.8438417722696733,13,-0.013397366555394162,0.011860804966327396,-0.09267323708128357,0.09151380440461691
24,96,25,48,confirmation,0.001,2675,-0.0010971149602934094,-0.0013432835820895708,0.41420560747663554,0.7662235713825358,13,-0.013797366555394163,0.011460804966327395,-0.09307323708128357,0.09111380440461692
24,96,25,96,development,0.0006,2827,-0.0012066257123814696,-0.0013240652975248894,0.4591439688715953,0.8439203463871299,12,-0.022536184103065394,0.021285018786159984,-0.15942368792160316,0.17258220984953937
24,96,25,96,development,0.001,2827,-0.00160662571238147,-0.0017240652975248896,0.4457021577644146,0.7979182784638922,15,-0.022936184103065395,0.020885018786159983,-0.15982368792160317,0.17218220984953936
24,96,25,96,validation,0.0006,2830,-0.0009870677704486611,-0.001010739527042736,0.47455830388692577,0.8712285604520962,13,-0.0224607133591755,0.021069264936482396,-0.24465727586936575,0.15810163286831908
24,96,25,96,validation,0.001,2830,-0.001387067770448661,-0.001410739527042736,0.46219081272084805,0.8239274464345371,13,-0.0228607133591755,0.020669264936482395,-0.24505727586936576,0.15770163286831906
24,96,25,96,confirmation,0.0006,1675,2.004387775225168e-05,-0.0007450859893570299,0.47044776119402987,1.0034522133406771,10,-0.017826132133755723,0.018996954052829022,-0.0956021542438605,0.09470884599203293
24,96,25,96,confirmation,0.001,1675,-0.00037995612224774825,-0.00114508598935703,0.45850746268656717,0.9368821011778945,12,-0.018226132133755724,0.01859695405282902,-0.0960021542438605,0.09430884599203293
24,192,20,48,development,0.0006,5198,-0.00038271124485694016,-0.001096099090207258,0.44613312812620237,0.9234600608173843,11,-0.01450245464035833,0.014859985337115434,-0.11602238405186267,0.10409379169421233
24,192,20,48,development,0.001,5198,-0.0007827112448569404,-0.0014960990902072582,0.4274721046556368,0.8502125855901494,11,-0.014902454640358331,0.014459985337115433,-0.11642238405186267,0.10369379169421233
24,192,20,48,validation,0.0006,5239,-0.0007989250882406653,-0.0010129918044069035,0.4481771330406566,0.8425626119024711,13,-0.014704467678807575,0.013610223778533267,-0.11729238282632377,0.09899803849334025
24,192,20,48,validation,0.001,5239,-0.0011989250882406656,-0.0014129918044069037,0.4264172552013743,0.7737791630918742,13,-0.015104467678807576,0.013210223778533266,-0.11769238282632377,0.09859803849334026
24,192,20,48,confirmation,0.0006,3062,-0.0005376261015420833,-0.000872057031564632,0.4431743958197257,0.8722122076823405,10,-0.012461850066698886,0.011637313810642636,-0.06480628108051086,0.06593549811507786
24,192,20,48,confirmation,0.001,3062,-0.0009376261015420837,-0.001272057031564632,0.4163945133899412,0.788596129095849,15,-0.012861850066698887,0.011237313810642635,-0.06520628108051085,0.06553549811507786
24,192,20,96,development,0.0006,3060,-0.0007144817494542091,-0.0010491444032264645,0.4624183006535948,0.9004850699888041,12,-0.02085046183407901,0.02038864692886898,-0.13412894451018859,0.12791234777976718
24,192,20,96,development,0.001,3060,-0.001114481749454209,-0.0014491444032264647,0.45098039215686275,0.8493309189130464,12,-0.021250461834079012,0.01998864692886898,-0.1345289445101886,0.12751234777976717
24,192,20,96,validation,0.0006,3076,-0.0007315269316401653,-0.0008566896628288795,0.46781534460338103,0.8991298102421572,10,-0.021711482315266605,0.02087517646827407,-0.1714767192990096,0.18217106761071772
24,192,20,96,validation,0.001,3076,-0.0011315269316401655,-0.0012566896628288795,0.4580624187256177,0.8484682164902696,10,-0.022111482315266606,0.02047517646827407,-0.1718767192990096,0.1817710676107177
24,192,20,96,confirmation,0.0006,1815,-0.00010154536723161832,-0.0007549224996941767,0.4738292011019284,0.9818183225391466,9,-0.01613661481350126,0.017649295918653652,-0.10690474748567098,0.0863777344096514
24,192,20,96,confirmation,0.001,1815,-0.0005015453672316184,-0.0011549224996941767,0.4578512396694215,0.9135049010250728,9,-0.01653661481350126,0.01724929591865365,-0.10730474748567098,0.0859777344096514
24,192,25,48,development,0.0006,4422,-0.0006312855655844074,-0.0012090676312952013,0.43826322930800543,0.8805635263674144,14,-0.01548452667341007,0.01505137559747212,-0.17001373022787908,0.1867977308071998
24,192,25,48,development,0.001,4422,-0.0010312855655844077,-0.0016090676312952015,0.4176843057440072,0.8129896122134742,14,-0.01588452667341007,0.014651375597472118,-0.1704137302278791,0.1863977308071998
24,192,25,48,validation,0.0006,4439,-0.0007270777105872687,-0.0010245542932677092,0.45055192610948414,0.8614421909549753,13,-0.01522597341239702,0.014723416872600554,-0.2146086054877619,0.09634603447705396
24,192,25,48,validation,0.001,4439,-0.001127077710587269,-0.0014245542932677093,0.4311781932867763,0.7939880742267607,13,-0.01562597341239702,0.014323416872600553,-0.2150086054877619,0.09594603447705397
24,192,25,48,confirmation,0.0006,2626,-0.0004148840373770078,-0.0008717552276699786,0.4444021325209444,0.9045360196489832,9,-0.01305711293049112,0.012438068638560663,-0.09267323708128357,0.09151380440461691
24,192,25,48,confirmation,0.001,2626,-0.0008148840373770083,-0.0012717552276699786,0.42155369383092156,0.8218007688227393,9,-0.013457112930491122,0.012038068638560662,-0.09307323708128357,0.09111380440461692
24,192,25,96,development,0.0006,2796,-0.0005486503339826317,-0.0012401184496833133,0.4592274678111588,0.9252409534264184,11,-0.02129659898464493,0.022191671376213185,-0.15942368792160316,0.16517302530792327
24,192,25,96,development,0.001,2796,-0.0009486503339826318,-0.0016401184496833135,0.4438483547925608,0.874491843677743,11,-0.021696598984644933,0.021791671376213184,-0.15982368792160317,0.16477302530792326
24,192,25,96,validation,0.0006,2775,-0.001437163568198884,-0.001446092328376624,0.45225225225225224,0.817044255476969,9,-0.02248133869944293,0.021470526451597322,-0.24465727586936575,0.1223915088177661
24,192,25,96,validation,0.001,2775,-0.0018371635681988844,-0.0018460923283766242,0.43963963963963965,0.7725414086956818,10,-0.02288133869944293,0.02107052645159732,-0.24505727586936576,0.1219915088177661
24,192,25,96,confirmation,0.0006,1647,-0.0002748161099012284,-0.0008314413007000748,0.46873102610807527,0.9541262833438748,9,-0.018098595698508666,0.018635701696213494,-0.10690474748567098,0.09470884599203293
24,192,25,96,confirmation,0.001,1647,-0.0006748161099012286,-0.0012314413007000749,0.45780206435944143,0.8912457269770064,9,-0.018498595698508667,0.018235701696213493,-0.10730474748567098,0.09430884599203293
48,96,20,48,development,0.0006,5142,-0.0007458559611455925,-0.00111538456828476,0.44457409568261375,0.857325669788582,13,-0.01522051956304956,0.014426654178649531,-0.11602238405186267,0.10409379169421233
48,96,20,48,development,0.001,5142,-0.001145855961145593,-0.0015153845682847602,0.42551536367172305,0.789884953420824,13,-0.015620519563049561,0.01402665417864953,-0.11642238405186267,0.10369379169421233
48,96,20,48,validation,0.0006,5187,-0.0003120138837996596,-0.0007010592938939236,0.4634663582032003,0.9356371911424224,13,-0.014305410634811389,0.014551067331881662,-0.11729238282632377,0.09899803849334025
48,96,20,48,validation,0.001,5187,-0.0007120138837996599,-0.0011010592938939237,0.44129554655870445,0.859478488014597,13,-0.01470541063481139,0.01415106733188166,-0.11769238282632377,0.09859803849334026
48,96,20,48,confirmation,0.0006,3012,-0.0005366513731459413,-0.0007746015080189566,0.449867197875166,0.8717843414262358,10,-0.01263161028730737,0.011634082160199214,-0.06157898230088506,0.06939166765861209
48,96,20,48,confirmation,0.001,3012,-0.0009366513731459418,-0.0011746015080189567,0.42330677290836655,0.7876323200889155,13,-0.013031610287307371,0.011234082160199213,-0.061978982300885055,0.06899166765861209
48,96,20,96,development,0.0006,3040,-0.0008609930699629809,-0.0008088252671629264,0.4723684210526316,0.8822419849823488,13,-0.02092056534227386,0.02077957246388343,-0.13635514651515762,0.17258220984953937
48,96,20,96,development,0.001,3040,-0.0012609930699629813,-0.0012088252671629265,0.4598684210526316,0.8324301416673681,13,-0.02132056534227386,0.02037957246388343,-0.13675514651515763,0.17218220984953936
48,96,20,96,validation,0.0006,3023,-0.000712147282804337,-0.0008464875523786602,0.471386040357261,0.9021161165811395,14,-0.021507068098647577,0.02090904338347852,-0.16327552025533548,0.1897008406864446
48,96,20,96,validation,0.001,3023,-0.001112147282804337,-0.0012464875523786603,0.4594773403903407,0.8515113705505014,14,-0.021907068098647578,0.020509043383478517,-0.1636755202553355,0.1893008406864446
48,96,20,96,confirmation,0.0006,1781,-0.00037632788519241354,-0.0009869781841046026,0.46153846153846156,0.9356091333961354,9,-0.016995779868833893,0.017837458548879127,-0.10892346290513628,0.0863777344096514
48,96,20,96,confirmation,0.001,1781,-0.0007763278851924138,-0.0013869781841046027,0.44357102751263333,0.8719554812774036,9,-0.017395779868833894,0.017437458548879126,-0.10932346290513628,0.0859777344096514
48,96,25,48,development,0.0006,4442,-0.0008377628787480155,-0.001204463514362885,0.43921656911301216,0.8451447175123823,13,-0.01563044908424006,0.014946102842738099,-0.17001373022787908,0.13814298940621378
48,96,25,48,development,0.001,4442,-0.0012377628787480159,-0.0016044635143628852,0.4191805493021162,0.7804738454063608,14,-0.01603044908424006,0.014546102842738098,-0.1704137302278791,0.13774298940621377
48,96,25,48,validation,0.0006,4422,-0.0003690698784101899,-0.0007787696185270304,0.46178199909543194,0.9265174380918882,10,-0.01454022910383511,0.014933569364372025,-0.2146086054877619,0.09634603447705396
48,96,25,48,validation,0.001,4422,-0.0007690698784101902,-0.0011787696185270305,0.44007236544549977,0.8532900540662717,14,-0.014940229103835112,0.014533569364372024,-0.2150086054877619,0.09594603447705397
48,96,25,48,confirmation,0.0006,2607,-0.0005553509939149139,-0.000935174130941418,0.44112006137322596,0.8742878163903628,9,-0.013383020912375863,0.01227286514097148,-0.09267323708128357,0.09151380440461691
48,96,25,48,confirmation,0.001,2607,-0.0009553509939149142,-0.001335174130941418,0.4158036056770234,0.7943848833670376,9,-0.013783020912375864,0.011872865140971479,-0.09307323708128357,0.09111380440461692
48,96,25,96,development,0.0006,2793,-0.0008512842446553763,-0.0012019607273852755,0.4590046544933763,0.8869794236234673,12,-0.022105063777692037,0.02241244665212629,-0.15942368792160316,0.17258220984953937
48,96,25,96,development,0.001,2793,-0.0012512842446553761,-0.0016019607273852756,0.44862155388471175,0.8385645200453276,15,-0.022505063777692038,0.02201244665212629,-0.15982368792160317,0.17218220984953936
48,96,25,96,validation,0.0006,2764,-0.000926497844090431,-0.001097971381168305,0.46635311143270625,0.876815652807587,15,-0.021804752922475433,0.021403504270157706,-0.24465727586936575,0.15810163286831908
48,96,25,96,validation,0.001,2764,-0.0013264978440904313,-0.001497971381168305,0.45332850940665703,0.8285569838037532,15,-0.022204752922475434,0.021003504270157704,-0.24505727586936576,0.15770163286831906
48,96,25,96,confirmation,0.0006,1626,0.0002480734321102174,-0.0007166567961080056,0.46801968019680196,1.0434897836046235,8,-0.017568292164445064,0.01970641261728483,-0.10892346290513628,0.09470884599203293
48,96,25,96,confirmation,0.001,1626,-0.0001519265678897826,-0.0011166567961080056,0.45879458794587946,0.9743319288172144,8,-0.017968292164445065,0.01930641261728483,-0.10932346290513628,0.09430884599203293
48,192,20,48,development,0.0006,5070,-0.0004247110282650202,-0.0011317044735006491,0.4477317554240631,0.9167647992167586,13,-0.014615398624105057,0.014640540487460548,-0.11602238405186267,0.21164225612575133
48,192,20,48,development,0.001,5070,-0.0008247110282650206,-0.0015317044735006493,0.4293885601577909,0.8451837249845291,13,-0.015015398624105059,0.014240540487460547,-0.11642238405186267,0.21124225612575132
48,192,20,48,validation,0.0006,5152,-0.0007510022357536529,-0.0010102810874514472,0.44798136645962733,0.852486470276341,12,-0.014882719068997827,0.013456102945708613,-0.1348637195261822,0.10296370550389293
48,192,20,48,validation,0.001,5152,-0.001151002235753653,-0.0014102810874514473,0.42507763975155277,0.783508902226651,14,-0.015282719068997828,0.013056102945708612,-0.1352637195261822,0.10256370550389293
48,192,20,48,confirmation,0.0006,3004,-0.0001757447380778194,-0.0007452946428825985,0.453728362183755,0.9565483626675666,10,-0.012176855597428603,0.012212586555560475,-0.06480628108051086,0.06712513024063498
48,192,20,48,confirmation,0.001,3004,-0.0005757447380778199,-0.0011452946428825985,0.42809587217043943,0.8651013021388028,11,-0.012576855597428604,0.011812586555560474,-0.06520628108051085,0.06672513024063498
48,192,20,96,development,0.0006,3042,-0.0007805073869626631,-0.0013567306134960148,0.452991452991453,0.8931251959471881,11,-0.021234813022190234,0.02047887989837919,-0.16625749146020025,0.16828316020926531
48,192,20,96,development,0.001,3042,-0.0011805073869626634,-0.001756730613496015,0.4418145956607495,0.8431013909843265,11,-0.021634813022190235,0.020078879898379188,-0.16665749146020026,0.1678831602092653
48,192,20,96,validation,0.0006,3033,-0.001010155961871787,-0.001524813555791437,0.44939004286185297,0.8648744841939096,16,-0.021927583385167957,0.020434449638741574,-0.15463280597884116,0.18217106761071772
48,192,20,96,validation,0.001,3033,-0.0014101559618717873,-0.0019248135557914372,0.43752060666007253,0.8168273274158064,16,-0.022327583385167958,0.020034449638741573,-0.15503280597884117,0.1817710676107177
48,192,20,96,confirmation,0.0006,1787,0.0004121695207618077,-0.0005124251234805527,0.47845551203133746,1.0766989164007423,9,-0.01584775506803375,0.017903329812454884,-0.10181681415929218,0.09908058156184611
48,192,20,96,confirmation,0.001,1787,1.2169520761807371e-05,-0.0009124251234805527,0.4650251818690543,1.0021790461442386,9,-0.01624775506803375,0.017503329812454883,-0.10221681415929218,0.09868058156184611
48,192,25,48,development,0.0006,4244,-0.0008192095697220968,-0.0012607150867410925,0.43708765315739867,0.8504511664497889,11,-0.015847261628969586,0.014850703935815454,-0.17001373022787908,0.1867977308071998
48,192,25,48,development,0.001,4244,-0.001219209569722097,-0.0016607150867410927,0.4184731385485391,0.7863562642070647,11,-0.016247261628969587,0.014450703935815453,-0.1704137302278791,0.1863977308071998
48,192,25,48,validation,0.0006,4296,-0.0007907538009089038,-0.0011145708153227456,0.4452979515828678,0.8515793853974235,14,-0.01544298142639523,0.014840365561432967,-0.2146086054877619,0.10296370550389293
48,192,25,48,validation,0.001,4296,-0.0011907538009089042,-0.0015145708153227458,0.4238826815642458,0.7856083755377051,14,-0.01584298142639523,0.014440365561432966,-0.2150086054877619,0.10256370550389293
48,192,25,48,confirmation,0.0006,2548,-0.00023305658788594371,-0.0007775397521437405,0.45054945054945056,0.9453902701427962,10,-0.013117601361275509,0.012567136715196837,-0.09267323708128357,0.09151380440461691
48,192,25,48,confirmation,0.001,2548,-0.0006330565878859441,-0.0011775397521437405,0.4262166405023548,0.859080624191501,10,-0.01351760136127551,0.012167136715196836,-0.09307323708128357,0.09111380440461692
48,192,25,96,development,0.0006,2746,-0.0009897543738312483,-0.0014208054959715215,0.45229424617625635,0.871162351611794,16,-0.022400398236939244,0.021864883239711797,-0.16625749146020025,0.16828316020926531
48,192,25,96,development,0.001,2746,-0.0013897543738312483,-0.0018208054959715217,0.44282592862345227,0.8241614299028914,16,-0.022800398236939245,0.021464883239711796,-0.16665749146020026,0.1678831602092653
48,192,25,96,validation,0.0006,2741,-0.0013289223828935074,-0.0015520787051729983,0.44801167457132435,0.8301190214573259,13,-0.0228632738374009,0.02105249125807378,-0.24465727586936575,0.1223915088177661
48,192,25,96,validation,0.001,2741,-0.0017289223828935076,-0.0019520787051729984,0.43779642466253194,0.7851093555718167,15,-0.0232632738374009,0.02065249125807378,-0.24505727586936576,0.1219915088177661
48,192,25,96,confirmation,0.0006,1618,6.27687604465135e-05,-0.0007727232739268114,0.46786155747836833,1.0108949439845691,9,-0.017380950447422015,0.018173753189098786,-0.08135423555658179,0.09908058156184611
48,192,25,96,confirmation,0.001,1618,-0.0003372312395534867,-0.0011727232739268114,0.453646477132262,0.9435726257812866,13,-0.017780950447422016,0.017773753189098785,-0.08175423555658179,0.09868058156184611
