hypothesis,minutes,year,cost,samples,mean_return,median_return,trimmed_mean_5,winsorized_mean_5,win_rate,profit_factor,q10,q90
HIGH_PREMIUM_REVERT_SHORT,30,2024,0.0,51132,4.074965085777386e-06,0.0,1.6080372908057446e-05,1.720321446464256e-05,0.4992763826957678,1.0022431992038985,-0.005468524354455705,0.0054872446337145084
HIGH_PREMIUM_REVERT_SHORT,30,2024,0.0004,51132,-0.00039592503491422265,-0.0004,-0.00038391962709194243,-0.0003827967855353575,0.4517718845341469,0.8046048167086133,-0.005868524354455705,0.005087244633714508
HIGH_PREMIUM_REVERT_SHORT,30,2024,0.0006,51132,-0.0005959250349142226,-0.0006,-0.000583919627091943,-0.0005827967855353573,0.42611280607056246,0.7213272195749043,-0.006068524354455705,0.004887244633714509
HIGH_PREMIUM_REVERT_SHORT,30,2025,0.0,47845,-1.9261726781315727e-05,3.107801877622052e-05,9.288037991937146e-06,9.421171037877205e-07,0.5026439544362002,0.989495455882608,-0.005402384380013103,0.005357531580697556
HIGH_PREMIUM_REVERT_SHORT,30,2025,0.0004,47845,-0.0004192617267813158,-0.0003689219812237795,-0.0003907119620080629,-0.00039905788289621244,0.452105758177448,0.7947295639622045,-0.005802384380013103,0.004957531580697555
HIGH_PREMIUM_REVERT_SHORT,30,2025,0.0006,47845,-0.0006192617267813157,-0.0005689219812237794,-0.000590711962008063,-0.0005990578828962123,0.4273591806876372,0.7125765917572776,-0.006002384380013103,0.004757531580697556
HIGH_PREMIUM_REVERT_SHORT,30,2026,0.0,25996,0.00011529715696356694,0.0001187648472807945,0.00011850485443686364,0.00011453830397796993,0.5161563317433451,1.0787341957900047,-0.004453944116935005,0.0046097662317415855
HIGH_PREMIUM_REVERT_SHORT,30,2026,0.0004,25996,-0.0002847028430364331,-0.0002812351527192055,-0.00028149514556313624,-0.00028546169602203025,0.4605708570549315,0.8294021278938201,-0.004853944116935005,0.004209766231741585
HIGH_PREMIUM_REVERT_SHORT,30,2026,0.0006,25996,-0.0004847028430364329,-0.00048123515271920544,-0.0004814951455631366,-0.00048546169602203,0.4301430989382982,0.7276485632722616,-0.0050539441169350045,0.004009766231741586
HIGH_PREMIUM_REVERT_SHORT,60,2024,0.0,51132,-3.271266581599568e-05,-1.9067376648362888e-05,-3.1965364759723312e-06,-1.0384573840713476e-06,0.4976531330673551,0.9871261684185333,-0.007567138141555362,0.007595827149611723
HIGH_PREMIUM_REVERT_SHORT,60,2024,0.0004,51132,-0.00043271266581599557,-0.0004190673766483629,-0.0004031965364759727,-0.00040103845738407126,0.4627826018931393,0.8425880700870979,-0.007967138141555362,0.0071958271496117224
HIGH_PREMIUM_REVERT_SHORT,60,2024,0.0006,51132,-0.0006327126658159959,-0.0006190673766483628,-0.0006031965364759731,-0.0006010384573840713,0.4458656027536572,0.7786216931072467,-0.008167138141555362,0.006995827149611723
HIGH_PREMIUM_REVERT_SHORT,60,2025,0.0,47845,-0.00010640155837117158,-3.340571237675505e-05,-8.52576262506862e-05,-8.523699784647028e-05,0.49626920263350405,0.958740710263525,-0.007611256341249595,0.007443409673357368
HIGH_PREMIUM_REVERT_SHORT,60,2025,0.0004,47845,-0.0005064015583711714,-0.00043340571237675507,-0.0004852576262506859,-0.00048523699784647033,0.4602152785035009,0.8183234422955747,-0.008011256341249594,0.007043409673357368
HIGH_PREMIUM_REVERT_SHORT,60,2025,0.0006,47845,-0.0007064015583711715,-0.000633405712376755,-0.0006852576262506866,-0.0006852369978464704,0.4402758908976905,0.75618247295026,-0.008211256341249595,0.006843409673357368
HIGH_PREMIUM_REVERT_SHORT,60,2026,0.0,25996,0.00019731350310490513,0.00015855595237956877,0.00021013068859159007,0.00021030332942053188,0.5153485151561779,1.0984134387851825,-0.006064942032176002,0.006541430893145295
HIGH_PREMIUM_REVERT_SHORT,60,2026,0.0004,25996,-0.0002026864968950949,-0.00024144404762043125,-0.00018986931140840938,-0.00018969667057946814,0.4735343899061394,0.90815400271316,-0.006464942032176002,0.0061414308931452945
HIGH_PREMIUM_REVERT_SHORT,60,2026,0.0006,25996,-0.0004026864968950949,-0.0004414440476204312,-0.00038986931140841,-0.00038969667057946807,0.4533774426834898,0.8259896230927525,-0.0066649420321760015,0.005941430893145295
HIGH_PREMIUM_REVERT_SHORT,120,2024,0.0,51132,-7.466943969077587e-05,-9.697498463911991e-05,3.0228471772195168e-05,2.157180943977693e-05,0.493311429241962,0.9788384678835932,-0.010271153570698698,0.010672043452759985
HIGH_PREMIUM_REVERT_SHORT,120,2024,0.0004,51132,-0.0004746694396907756,-0.0004969749846391199,-0.00036977152822780483,-0.0003784281905602229,0.4688257842447,0.8729540650024725,-0.010671153570698698,0.010272043452759986
HIGH_PREMIUM_REVERT_SHORT,120,2024,0.0006,51132,-0.0006746694396907762,-0.0006969749846391199,-0.0005697715282278063,-0.0005784281905602235,0.4561527028084174,0.8244762012902722,-0.010871153570698698,0.010072043452759985
HIGH_PREMIUM_REVERT_SHORT,120,2025,0.0,47845,-0.00010176747281973337,-0.000147082856676084,-0.00015182673106213865,-0.0001141318526464361,0.4898944508308078,0.9717498443428569,-0.010820332787000096,0.010575508787171681
HIGH_PREMIUM_REVERT_SHORT,120,2025,0.0004,47845,-0.0005017674728197332,-0.000547082856676084,-0.0005518267310621384,-0.000514131852646436,0.46406103041070124,0.8683518421166153,-0.011220332787000095,0.010175508787171682
HIGH_PREMIUM_REVERT_SHORT,120,2025,0.0006,47845,-0.0007017674728197336,-0.000747082856676084,-0.0007518267310621391,-0.0007141318526464364,0.45016198139826524,0.8209786815523813,-0.011420332787000095,0.009975508787171681
HIGH_PREMIUM_REVERT_SHORT,120,2026,0.0,25996,0.000363235781748073,0.00022672938909656937,0.00037242863292727266,0.0003679786082074807,0.5157331897214956,1.1306296275623273,-0.008621876904261083,0.009508172572951945
HIGH_PREMIUM_REVERT_SHORT,120,2026,0.0004,25996,-3.676421825192684e-05,-0.00017327061090343065,-2.7571367072727107e-05,-3.2021391792519025e-05,0.4855362363440529,0.9876634743420647,-0.009021876904261083,0.009108172572951946
HIGH_PREMIUM_REVERT_SHORT,120,2026,0.0006,25996,-0.00023676421825192729,-0.0003732706109034306,-0.00022757136707272804,-0.00023202139179251947,0.4694568395137714,0.9232413744462188,-0.009221876904261083,0.008908172572951945
HIGH_PREMIUM_CONTINUE_LONG,30,2024,0.0,51132,-4.074965085777386e-06,0.0,-1.608037290805729e-05,-1.7203214464643125e-05,0.4993546115935226,0.9977618214763839,-0.005487244633714504,0.0054685243544557085
HIGH_PREMIUM_CONTINUE_LONG,30,2024,0.0004,51132,-0.00040407496508577733,-0.0004,-0.00041608037290805734,-0.00041720321446464325,0.45022686380348903,0.8010247999969692,-0.005887244633714504,0.005068524354455708
HIGH_PREMIUM_CONTINUE_LONG,30,2024,0.0006,51132,-0.0006040749650857774,-0.0006,-0.0006160803729080576,-0.000617203214464643,0.4261519205194399,0.7181333827224133,-0.006087244633714504,0.004868524354455709
HIGH_PREMIUM_CONTINUE_LONG,30,2025,0.0,47845,1.9261726781315727e-05,-3.107801877622052e-05,-9.28803799193731e-06,-9.421171037887194e-07,0.49568397951719095,1.0106160609985035,-0.005357531580697559,0.005402384380013103
HIGH_PREMIUM_CONTINUE_LONG,30,2025,0.0004,47845,-0.0003807382732186843,-0.00043107801877622054,-0.00040928803799193723,-0.0004009421171037888,0.44476956839795173,0.8120955286682211,-0.005757531580697559,0.005002384380013103
HIGH_PREMIUM_CONTINUE_LONG,30,2025,0.0006,47845,-0.0005807382732186842,-0.0006310780187762205,-0.0006092880379919378,-0.0006009421171037885,0.4196258752220713,0.7286023644476262,-0.005957531580697559,0.004802384380013103
HIGH_PREMIUM_CONTINUE_LONG,30,2026,0.0,25996,-0.00011529715696356694,-0.0001187648472807945,-0.00011850485443686364,-0.00011453830397796993,0.48026619479919985,0.927012422432438,-0.0046097662317415855,0.004453944116935005
HIGH_PREMIUM_CONTINUE_LONG,30,2026,0.0004,25996,-0.000515297156963567,-0.0005187648472807945,-0.0005185048544368635,-0.00051453830397797,0.4216802585013079,0.7135484113344209,-0.005009766231741586,0.0040539441169350045
HIGH_PREMIUM_CONTINUE_LONG,30,2026,0.0006,25996,-0.0007152971569635669,-0.0007187648472807945,-0.000718504854436864,-0.0007145383039779699,0.3934066779504539,0.6269575264655354,-0.005209766231741585,0.003853944116935005
HIGH_PREMIUM_CONTINUE_LONG,60,2024,0.0,51132,3.271266581599568e-05,1.9067376648362888e-05,3.1965364759723312e-06,1.038457384071024e-06,0.5013103340373934,1.0130417285989812,-0.007595827149611723,0.007567138141555365
HIGH_PREMIUM_CONTINUE_LONG,60,2024,0.0004,51132,-0.00036728733418400425,-0.00038093262335163713,-0.0003968034635240271,-0.0003989615426159289,0.4667918329030744,0.8646945380760471,-0.007995827149611721,0.007167138141555365
HIGH_PREMIUM_CONTINUE_LONG,60,2024,0.0006,51132,-0.0005672873341840046,-0.0005809326233516371,-0.0005968034635240279,-0.000598961542615929,0.44860361417507627,0.7990456146568673,-0.008195827149611722,0.006967138141555365
HIGH_PREMIUM_CONTINUE_LONG,60,2025,0.0,47845,0.00010640155837117158,3.340571237675505e-05,8.525762625068587e-05,8.523699784646971e-05,0.5024558470059567,1.043034878246835,-0.00744340967335737,0.007611256341249594
HIGH_PREMIUM_CONTINUE_LONG,60,2025,0.0004,47845,-0.00029359844162882835,-0.00036659428762324497,-0.0003147423737493135,-0.0003147630021535302,0.4653986832479883,0.890399138183364,-0.007843409673357369,0.007211256341249594
HIGH_PREMIUM_CONTINUE_LONG,60,2025,0.0006,47845,-0.0004935984416288285,-0.0005665942876232449,-0.0005147423737493144,-0.0005147630021535302,0.44698505590970844,0.822928812110728,-0.00804340967335737,0.007011256341249594
HIGH_PREMIUM_CONTINUE_LONG,60,2026,0.0,25996,-0.00019731350310490513,-0.00015855595237956877,-0.00021013068859159007,-0.00021030332942053188,0.4816894906908755,0.9104040106300727,-0.006541430893145295,0.006064942032176002
HIGH_PREMIUM_CONTINUE_LONG,60,2026,0.0004,25996,-0.0005973135031049051,-0.0005585559523795687,-0.0006101306885915902,-0.0006103033294205318,0.4381058624403754,0.7529543500506505,-0.006941430893145295,0.0056649420321760015
HIGH_PREMIUM_CONTINUE_LONG,60,2026,0.0006,25996,-0.0007973135031049053,-0.0007585559523795687,-0.0008101306885915906,-0.0008103033294205317,0.41741037082628096,0.6851405461128378,-0.0071414308931452945,0.005464942032176002
HIGH_PREMIUM_CONTINUE_LONG,120,2024,0.0,51132,7.466943969077587e-05,9.697498463911991e-05,-3.022847177219486e-05,-2.157180943977772e-05,0.5057889384338574,1.0216190237825058,-0.010672043452759983,0.0102711535706987
HIGH_PREMIUM_CONTINUE_LONG,120,2024,0.0004,51132,-0.0003253305603092239,-0.0003030250153608801,-0.00043022847177219455,-0.00042157180943977734,0.48075569115231165,0.9110265553317684,-0.011072043452759982,0.0098711535706987
HIGH_PREMIUM_CONTINUE_LONG,120,2024,0.0006,51132,-0.0005253305603092245,-0.00050302501536088,-0.0006302284717721953,-0.0006215718094397779,0.46771102245169366,0.8603450977482671,-0.011272043452759983,0.0096711535706987
HIGH_PREMIUM_CONTINUE_LONG,120,2025,0.0,47845,0.00010176747281973337,0.000147082856676084,0.000151826731062139,0.00011413185264643482,0.5088096979830703,1.0290714280239963,-0.010575508787171683,0.010820332787000092
HIGH_PREMIUM_CONTINUE_LONG,120,2025,0.0004,47845,-0.0002982325271802664,-0.000252917143323916,-0.0002481732689378611,-0.00028586814735356484,0.4838959138885986,0.9194388577071947,-0.010975508787171682,0.010420332787000093
HIGH_PREMIUM_CONTINUE_LONG,120,2025,0.0006,47845,-0.0004982325271802669,-0.00045291714332391594,-0.0004481732689378621,-0.00048586814735356525,0.47089560037621486,0.8691094536846663,-0.011175508787171683,0.010220332787000092
HIGH_PREMIUM_CONTINUE_LONG,120,2026,0.0,25996,-0.000363235781748073,-0.00022672938909656937,-0.00037242863292727234,-0.0003679786082074807,0.4824973072780428,0.8844629360686674,-0.009508172572951945,0.008621876904261083
HIGH_PREMIUM_CONTINUE_LONG,120,2026,0.0004,25996,-0.0007632357817480728,-0.0006267293890965693,-0.0007724286329272724,-0.0007679786082074805,0.4523003539006001,0.7726189219687821,-0.009908172572951944,0.008221876904261084
HIGH_PREMIUM_CONTINUE_LONG,120,2026,0.0006,25996,-0.0009632357817480734,-0.0008267293890965693,-0.0009724286329272733,-0.0009679786082074811,0.4364132943529774,0.7222342002635553,-0.010108172572951945,0.008021876904261083
LOW_PREMIUM_REVERT_LONG,30,2024,0.0,55510,7.428390002735673e-05,0.00011452445284021451,0.00010010419619444653,8.567022646056287e-05,0.5131327688704738,1.0392881393618438,-0.005622645321802877,0.005751658865846319
LOW_PREMIUM_REVERT_LONG,30,2024,0.0004,55510,-0.00032571609997264327,-0.0002854755471597855,-0.0002998958038055531,-0.0003143297735394372,0.4642767068996577,0.8445299467439589,-0.006022645321802877,0.005351658865846319
LOW_PREMIUM_REVERT_LONG,30,2024,0.0006,55510,-0.0005257160999726433,-0.00048547554715978544,-0.000499895803805554,-0.0005143297735394371,0.43977661682579716,0.7615432490187558,-0.006222645321802877,0.005151658865846319
LOW_PREMIUM_REVERT_LONG,30,2025,0.0,45223,3.543502001024123e-05,0.00011174187436013838,5.94981842632441e-05,4.498037778535256e-05,0.5135882183844503,1.0187346740331162,-0.005631158541681658,0.005568514909165414
LOW_PREMIUM_REVERT_LONG,30,2025,0.0004,45223,-0.00036456497998975883,-0.00028825812563986164,-0.0003405018157367557,-0.00035501962221464746,0.4649625190721535,0.8260408291612212,-0.006031158541681658,0.005168514909165414
LOW_PREMIUM_REVERT_LONG,30,2025,0.0006,45223,-0.0005645649799897588,-0.00048825812563986157,-0.0005405018157367559,-0.0005550196222146472,0.44017424761736285,0.7439809432617217,-0.0062311585416816575,0.004968514909165414
LOW_PREMIUM_REVERT_LONG,30,2026,0.0,26115,0.0001410270854029524,0.00014499057561256912,0.00013536637505224728,0.00012065656113742758,0.5194332758950795,1.0904364582439563,-0.004653863578593653,0.004815290601952028
LOW_PREMIUM_REVERT_LONG,30,2026,0.0004,26115,-0.0002589729145970476,-0.0002550094243874309,-0.0002646336249477528,-0.0002793434388625725,0.4637181696343098,0.8530651699341616,-0.0050538635785936535,0.004415290601952028
LOW_PREMIUM_REVERT_LONG,30,2026,0.0006,26115,-0.0004589729145970476,-0.00045500942438743083,-0.0004646336249477528,-0.0004793434388625723,0.4375646180356117,0.7548742293986347,-0.005253863578593653,0.004215290601952028
LOW_PREMIUM_REVERT_LONG,60,2024,0.0,55510,0.00015827223634425495,0.00017170399781807344,0.00019721640109007462,0.00018434566005329586,0.5153846153846153,1.0604528168655247,-0.007728751761316988,0.008121830329942736
LOW_PREMIUM_REVERT_LONG,60,2024,0.0004,55510,-0.00024172776365574496,-0.00022829600218192658,-0.00020278359890992526,-0.00021565433994670405,0.4801657359034408,0.9142527645846995,-0.008128751761316987,0.007721830329942736
LOW_PREMIUM_REVERT_LONG,60,2024,0.0006,55510,-0.00044172776365574524,-0.0004282960021819265,-0.0004027835989099259,-0.0004156543399467042,0.46353810124301925,0.8489642243288743,-0.008328751761316987,0.0075218303299427365
LOW_PREMIUM_REVERT_LONG,60,2025,0.0,45223,-3.324548073722435e-05,0.0001557012611803632,4.667569126905189e-05,4.3797881927464295e-06,0.5142515976383698,0.9875300713155747,-0.007980470573400256,0.007755352962738061
LOW_PREMIUM_REVERT_LONG,60,2025,0.0004,45223,-0.0004332454807372243,-0.0002442987388196368,-0.0003533243087309478,-0.0003956202118072536,0.47920306038962474,0.8489091148124177,-0.008380470573400255,0.007355352962738061
LOW_PREMIUM_REVERT_LONG,60,2025,0.0006,45223,-0.0006332454807372245,-0.00044429873881963674,-0.0005533243087309483,-0.0005956202118072535,0.4602083010857307,0.7870339030101432,-0.008580470573400256,0.007155352962738061
LOW_PREMIUM_REVERT_LONG,60,2026,0.0,26115,0.00016853460969107909,0.00015708451146734248,0.00014971496285608058,0.00014783661643724526,0.5154508902929351,1.0774577440870268,-0.006490417168767104,0.006797161827188932
LOW_PREMIUM_REVERT_LONG,60,2026,0.0004,26115,-0.00023146539030892082,-0.00024291548853265754,-0.00025028503714391885,-0.0002521633835627548,0.4759333716255026,0.9026384785025001,-0.006890417168767104,0.006397161827188932
LOW_PREMIUM_REVERT_LONG,60,2026,0.0006,26115,-0.0004314653903089211,-0.00044291548853265747,-0.0004502850371439199,-0.00045216338356275475,0.4546046333524794,0.8263212975464098,-0.0070904171687671035,0.0061971618271889324
LOW_PREMIUM_REVERT_LONG,120,2024,0.0,55510,0.00033135223609576065,0.00041208878577092545,0.00036301996264529205,0.00034205809046187666,0.525508917312196,1.0928412653567579,-0.010682113854916608,0.011273529206155826
LOW_PREMIUM_REVERT_LONG,120,2024,0.0004,55510,-6.864776390423931e-05,1.2088785770925428e-05,-3.698003735470785e-05,-5.7941909538123135e-05,0.5006665465681859,0.981760761359741,-0.011082113854916607,0.010873529206155827
LOW_PREMIUM_REVERT_LONG,120,2024,0.0006,55510,-0.00026864776390423973,-0.0001879112142290745,-0.00023698003735470852,-0.0002579419095381236,0.4878940731399748,0.9304900002129494,-0.011282113854916608,0.010673529206155826
LOW_PREMIUM_REVERT_LONG,120,2025,0.0,45223,-1.8739744895108708e-05,0.00022905426040931154,9.163836853548141e-05,3.6055318943598474e-05,0.5137651195188289,0.9949200796039598,-0.011361286300692353,0.010984249113231757
LOW_PREMIUM_REVERT_LONG,120,2025,0.0004,45223,-0.0004187397448951085,-0.00017094573959068848,-0.00030836163146451826,-0.00036394468105640143,0.48919797448201136,0.8923072146079604,-0.011761286300692352,0.010584249113231758
LOW_PREMIUM_REVERT_LONG,120,2025,0.0006,45223,-0.0006187397448951089,-0.0003709457395906884,-0.0005083616314645184,-0.0005639446810564017,0.47509010901532406,0.8449988413026251,-0.011961286300692353,0.010384249113231757
LOW_PREMIUM_REVERT_LONG,120,2026,0.0,26115,0.0002675250824307324,0.00029048656499641723,0.0002241059249427274,0.0002468950978837382,0.5207352096496266,1.0898138320157744,-0.009189194746808193,0.00965979177491341
LOW_PREMIUM_REVERT_LONG,120,2026,0.0004,26115,-0.00013247491756926755,-0.00010951343500358279,-0.00017589407505727233,-0.00015310490211626167,0.49170974535707446,0.9582886512949236,-0.009589194746808192,0.009259791774913411
LOW_PREMIUM_REVERT_LONG,120,2026,0.0006,26115,-0.00033247491756926805,-0.0003095134350035827,-0.00037589407505727294,-0.0003531049021162621,0.477158721041547,0.898607067291232,-0.009789194746808193,0.00905979177491341
LOW_PREMIUM_CONTINUE_SHORT,30,2024,0.0,55510,-7.428390002735673e-05,-0.00011452445284021451,-0.00010010419619444653,-8.567022646056423e-05,0.48567825617005944,0.962197067517803,-0.00575165886584632,0.005622645321802877
LOW_PREMIUM_CONTINUE_SHORT,30,2024,0.0004,55510,-0.0004742839000273567,-0.0005145244528402145,-0.0005001041961944462,-0.00048567022646056433,0.437452711223203,0.7824614709333055,-0.00615165886584632,0.005222645321802877
LOW_PREMIUM_CONTINUE_SHORT,30,2024,0.0006,55510,-0.0006742839000273567,-0.0007145244528402145,-0.0007001041961944471,-0.0006856702264605642,0.41442983246261933,0.7062077178177416,-0.00635165886584632,0.005022645321802877
LOW_PREMIUM_CONTINUE_SHORT,30,2025,0.0,45223,-3.543502001024123e-05,-0.00011174187436013838,-5.949818426324445e-05,-4.498037778535215e-05,0.48473122083895365,0.981609859259088,-0.005568514909165412,0.0056311585416816586
LOW_PREMIUM_CONTINUE_SHORT,30,2025,0.0004,45223,-0.00043543502001024126,-0.0005117418743601383,-0.0004594981842632443,-0.00044498037778535225,0.43630453530283264,0.7967801022642359,-0.0059685149091654125,0.005231158541681658
LOW_PREMIUM_CONTINUE_SHORT,30,2025,0.0006,45223,-0.000635435020010241,-0.0007117418743601383,-0.0006594981842632444,-0.000644980377785352,0.41268823386329967,0.7185592659237421,-0.006168514909165412,0.005031158541681659
LOW_PREMIUM_CONTINUE_SHORT,30,2026,0.0,26115,-0.0001410270854029524,-0.00014499057561256912,-0.00013536637505224742,-0.00012065656113742772,0.4761248324717595,0.9170639815275475,-0.004815290601952027,0.004653863578593656
LOW_PREMIUM_CONTINUE_SHORT,30,2026,0.0004,26115,-0.0005410270854029524,-0.0005449905756125691,-0.0005353663750522473,-0.0005206565611374278,0.4209075244112579,0.7183007835939524,-0.005215290601952027,0.004253863578593656
LOW_PREMIUM_CONTINUE_SHORT,30,2026,0.0006,26115,-0.0007410270854029524,-0.0007449905756125691,-0.0007353663750522474,-0.0007206565611374275,0.3942944667815432,0.6365789802018835,-0.005415290601952027,0.004053863578593656
LOW_PREMIUM_CONTINUE_SHORT,60,2024,0.0,55510,-0.00015827223634425495,-0.00017170399781807344,-0.00019721640109007492,-0.00018434566005329702,0.48364258692127543,0.942993393101439,-0.008121830329942736,0.007728751761316988
LOW_PREMIUM_CONTINUE_SHORT,60,2024,0.0004,55510,-0.0005582722363442549,-0.0005717039978180734,-0.0005972164010900745,-0.0005843456600532969,0.44815348585840387,0.8132843587880175,-0.008521830329942736,0.007328751761316987
LOW_PREMIUM_CONTINUE_SHORT,60,2024,0.0006,55510,-0.0007582722363442552,-0.0007717039978180734,-0.0007972164010900754,-0.000784345660053297,0.4307872455413439,0.7555601451532995,-0.008721830329942736,0.007128751761316988
LOW_PREMIUM_CONTINUE_SHORT,60,2025,0.0,45223,3.324548073722435e-05,-0.0001557012611803632,-4.667569126905189e-05,-4.37978819274588e-06,0.48455431970457513,1.012627391354081,-0.00775535296273806,0.007980470573400256
LOW_PREMIUM_CONTINUE_SHORT,60,2025,0.0004,45223,-0.00036675451926277563,-0.0005557012611803632,-0.00044667569126905155,-0.00040437978819274584,0.4492183181124649,0.8711254134385977,-0.008155352962738059,0.007580470573400256
LOW_PREMIUM_CONTINUE_SHORT,60,2025,0.0006,45223,-0.0005667545192627756,-0.0007557012611803632,-0.0006466756912690526,-0.0006043797881927458,0.43190411958516683,0.8083829042452227,-0.00835535296273806,0.007380470573400256
LOW_PREMIUM_CONTINUE_SHORT,60,2026,0.0,26115,-0.00016853460969107909,-0.00015708451146734248,-0.00014971496285608058,-0.0001478366164372455,0.4817537813517136,0.9281106433063324,-0.0067971618271889245,0.006490417168767113
LOW_PREMIUM_CONTINUE_SHORT,60,2026,0.0004,26115,-0.000568534609691079,-0.0005570845114673424,-0.0005497149628560806,-0.0005478366164372455,0.44395941030059355,0.777837398050894,-0.007197161827188925,0.006090417168767113
LOW_PREMIUM_CONTINUE_SHORT,60,2026,0.0006,26115,-0.0007685346096910792,-0.0007570845114673424,-0.0007497149628560811,-0.0007478366164372454,0.42427723530538003,0.7124103613421346,-0.007397161827188924,0.005890417168767113
LOW_PREMIUM_CONTINUE_SHORT,120,2024,0.0,55510,-0.00033135223609576065,-0.00041208878577092545,-0.0003630199626452918,-0.0003420580904618768,0.4738785804359575,0.9150459739215192,-0.01127352920615583,0.010682113854916606
LOW_PREMIUM_CONTINUE_SHORT,120,2024,0.0004,55510,-0.0007313522360957603,-0.0008120887857709254,-0.0007630199626452917,-0.0007420580904618767,0.4490362096919474,0.8223076004374488,-0.011673529206155829,0.010282113854916607
LOW_PREMIUM_CONTINUE_SHORT,120,2024,0.0006,55510,-0.0009313522360957611,-0.0010120887857709253,-0.0009630199626452925,-0.0009420580904618773,0.4370023419203747,0.7796765878079241,-0.01187352920615583,0.010082113854916606
LOW_PREMIUM_CONTINUE_SHORT,120,2025,0.0,45223,1.8739744895108708e-05,-0.00022905426040931154,-9.163836853548176e-05,-3.605531894359806e-05,0.48512924839130533,1.0051058577469483,-0.010984249113231748,0.01136128630069236
LOW_PREMIUM_CONTINUE_SHORT,120,2025,0.0004,45223,-0.00038126025510489117,-0.0006290542604093115,-0.0004916383685354817,-0.00043605531894359796,0.45923534484664885,0.901769143351071,-0.011384249113231748,0.01096128630069236
LOW_PREMIUM_CONTINUE_SHORT,120,2025,0.0006,45223,-0.0005812602551048916,-0.0008290542604093115,-0.0006916383685354827,-0.0006360553189435984,0.44654268845498973,0.8543463589146846,-0.011584249113231748,0.01076128630069236
LOW_PREMIUM_CONTINUE_SHORT,120,2026,0.0,26115,-0.0002675250824307324,-0.00029048656499641723,-0.0002241059249427274,-0.0002468950978837383,0.47727359754930115,0.9175879132955669,-0.009659791774913407,0.009189194746808196
LOW_PREMIUM_CONTINUE_SHORT,120,2026,0.0004,26115,-0.0006675250824307321,-0.0006904865649964172,-0.0006241059249427275,-0.000646895097883738,0.448248133256749,0.8071209360925313,-0.010059791774913406,0.008789194746808197
LOW_PREMIUM_CONTINUE_SHORT,120,2026,0.0006,26115,-0.0008675250824307327,-0.0008904865649964172,-0.0008241059249427274,-0.0008468950978837384,0.4350373348650201,0.7571662809100473,-0.010259791774913407,0.008589194746808197
